Split,Random_Seed,Output,Model,MSE,RMSE,MAE,R2
1,121959,tmp,Linear Regression,0.0039805515459431385,0.06309161232638724,0.04466320678768337,0.5048034053414835
1,121959,tmp,Ridge Regression,0.0039805520495967564,0.06309161631783383,0.044663374286037255,0.5048033426849512
1,121959,tmp,Lasso Regression,0.004531466120979268,0.06731616537637351,0.04883893174195831,0.4362674202256328
1,121959,tmp,ElasticNet,0.004211615273224195,0.06489695889041486,0.04657035008162824,0.4760581499219678
1,121959,tmp,Decision Tree,0.00014968557887052396,0.012234605791382245,0.006208332819495333,0.9813785129847855
1,121959,tmp,Random Forest,2.8771520553478635e-05,0.005363909073938394,0.0023182383439999984,0.9964207073223933
1,121959,tmp,Extra Trees,1.5535200895343356e-32,1.2464028600473988e-16,8.198254586000499e-17,1.0
1,121959,tmp,Gradient Boosting,0.0004140376214211597,0.020347914424362016,0.012683060452120396,0.948492057489563
1,121959,tmp,AdaBoost,0.0020021099894066688,0.04474494373006484,0.039073331774358545,0.7509294786305617
1,121959,tmp,Hist Gradient Boosting,6.132358902635095e-05,0.00783093794039711,0.004796028863397875,0.992371099304307
1,121959,tmp,KNN,0.0001866625581666394,0.013662450664746768,0.006030993868118196,0.9767784282937941
1,121959,tmp,SVR,0.0008884076559443816,0.029806168085555407,0.015512053744866588,0.8894785205480926
1,121959,tmp,Bagging,2.9806842416983382e-05,0.005459564306515986,0.0023441671104821138,0.9962919091256446
1,121959,tmp,MLP Neural Network,0.00033444974957658874,0.018287967344037682,0.009949723921100067,0.9583931083009052
1,121959,tmp,XGBoost,5.8373630520182515e-06,0.0024160635446979144,0.0017102692200029043,0.9992738085986875
1,121959,tmp,LightGBM,5.79414277074893e-05,0.007611926675125641,0.004739137477825024,0.9927918537521154
1,121959,flow,Linear Regression,0.03475915159430377,0.18643806369490049,0.1459677022223692,0.4749337283587801
1,121959,flow,Ridge Regression,0.03475916320390438,0.18643809483017246,0.14596065237778233,0.47493355298598106
1,121959,flow,Lasso Regression,0.04016774193526552,0.20041891611139284,0.15709222274411175,0.39323241417512533
1,121959,flow,ElasticNet,0.037235547762977626,0.192965146497956,0.1494468225125592,0.4375256777087386
1,121959,flow,Decision Tree,0.005848635211976643,0.07647637028505369,0.05277768508693199,0.9116514372737053
1,121959,flow,Random Forest,0.0009318124605375768,0.030525603360745824,0.02302938891173872,0.9859241876719604
1,121959,flow,Extra Trees,1.2442501855580636e-31,3.527393067915828e-16,2.3240438431500164e-16,1.0
1,121959,flow,Gradient Boosting,0.009687931369956907,0.09842728976232612,0.0777424679611401,0.8536556339547453
1,121959,flow,AdaBoost,0.01916978977596188,0.13845500993449777,0.1121798686184143,0.7104241736596422
1,121959,flow,Hist Gradient Boosting,0.0034571638179030067,0.0587976514658792,0.045786095582164246,0.947776627648854
1,121959,flow,KNN,0.004710214797238542,0.06863100463521236,0.051204948562986005,0.9288482368303649
1,121959,flow,SVR,0.014717575433059035,0.1213160147427331,0.08954616557250153,0.7776786225846457
1,121959,flow,Bagging,0.0009310774248995664,0.030513561327704216,0.02295020173940902,0.9859352910045871
1,121959,flow,MLP Neural Network,0.008671143257582326,0.09311897367122517,0.07151326528153053,0.8690150751012066
1,121959,flow,XGBoost,0.0008932878791434752,0.029887921960943944,0.02222315182547471,0.9865061339333432
1,121959,flow,LightGBM,0.0034761716834476684,0.05895906786447415,0.04597833197064613,0.9474894978244589
1,121959,lv,Linear Regression,1.0152043665174768,1.007573504275235,0.7087834855321602,0.1952990267659518
1,121959,lv,Ridge Regression,1.0152046905874679,1.007573665092269,0.7088020244471797,0.19529876989211847
1,121959,lv,Lasso Regression,1.1158084639341235,1.0563183534967682,0.7831297660357607,0.11555526504414382
1,121959,lv,ElasticNet,1.0610135766977224,1.030055132843734,0.7465313105555091,0.15898839096600992
1,121959,lv,Decision Tree,0.13389611214401922,0.36591817684288275,0.22806405924397583,0.893867347986143
1,121959,lv,Random Forest,0.029782374623260603,0.17257570693252455,0.10630668189477448,0.9763930232818337
1,121959,lv,Extra Trees,1.1306597360057301e-30,1.0633248497076188e-15,7.956310571497234e-17,1.0
1,121959,lv,Gradient Boosting,0.27392239430315485,0.5233759588509533,0.37624221934476615,0.7828756213465766
1,121959,lv,AdaBoost,0.8259074658200568,0.908794512428446,0.7899005578761592,0.3453450719222996
1,121959,lv,Hist Gradient Boosting,0.08200684358133066,0.2863683704275503,0.20221430451541425,0.9349973374640591
1,121959,lv,KNN,0.15204741184977566,0.38993257346594634,0.24033009156080873,0.879479734003758
1,121959,lv,SVR,0.58446049751525,0.7645001618804603,0.43695826074854205,0.5367278287220791
1,121959,lv,Bagging,0.02996596638390146,0.1731068062899361,0.10654717995007774,0.9762474994116279
1,121959,lv,MLP Neural Network,0.16952987707927375,0.411740060085576,0.28931614270957656,0.8656222711630824
1,121959,lv,XGBoost,0.015059873804839977,0.12271867748977731,0.08750772264678375,0.9880628024196663
1,121959,lv,LightGBM,0.08895610876509591,0.29825510685501416,0.21061076102149834,0.9294890076724722
2,671156,tmp,Linear Regression,0.004047432335492615,0.06361943363071236,0.04482966826757806,0.503605046063408
2,671156,tmp,Ridge Regression,0.004047432836266866,0.06361943756641414,0.044829867289651264,0.5036049846462449
2,671156,tmp,Lasso Regression,0.004584043263894632,0.06770556302029127,0.04887426973941317,0.4377927149343265
2,671156,tmp,ElasticNet,0.004273405591495244,0.06537129026946956,0.046732761675302506,0.47589068923014544
2,671156,tmp,Decision Tree,0.0001377522077053413,0.011736788645338269,0.006301599088955931,0.9831054616530769
2,671156,tmp,Random Forest,2.7167386545641296e-05,0.0052122343141537,0.0023623565958258157,0.9966680718848238
2,671156,tmp,Extra Trees,1.4744161862197683e-32,1.2142554040315276e-16,8.06228248150714e-17,1.0
2,671156,tmp,Gradient Boosting,0.00042551387560133105,0.02062798767697254,0.013258367239608186,0.9478131014504544
2,671156,tmp,AdaBoost,0.002026706632540724,0.04501895859013982,0.040504024432730615,0.7514357592390505
2,671156,tmp,Hist Gradient Boosting,6.446372671874818e-05,0.008028930608664405,0.005050378361882571,0.9920938842202437
2,671156,tmp,KNN,0.00015812882055419791,0.012574928252447324,0.005730917885287713,0.9806063839766465
2,671156,tmp,SVR,0.0009059862773981678,0.03009960593426711,0.01565641287379558,0.88888584683862
2,671156,tmp,Bagging,2.7592282955052942e-05,0.005252835706078474,0.0023646992977293937,0.9966159607150512
2,671156,tmp,MLP Neural Network,0.00030375292770725717,0.01742850905003802,0.009165878798695872,0.962746401160281
2,671156,tmp,XGBoost,6.041763592651079e-06,0.002457999917138135,0.00176704078512718,0.9992590114641399
2,671156,tmp,LightGBM,6.19505329114898e-05,0.007870866083950977,0.005018339087428753,0.9924021133938973
2,671156,flow,Linear Regression,0.034774327764573974,0.18647875955339785,0.1472041369681753,0.48222228365167075
2,671156,flow,Ridge Regression,0.0347743392330895,0.18647879030358788,0.14719674082223078,0.48222211288944006
2,671156,flow,Lasso Regression,0.040222575945459596,0.2005556679464821,0.15739211367745454,0.4010997521020676
2,671156,flow,ElasticNet,0.037249087304190326,0.19300022617652635,0.15020863239108648,0.44537396981484123
2,671156,flow,Decision Tree,0.007870974020855593,0.0887185100238704,0.05933343479291224,0.8828039184093898
2,671156,flow,Random Forest,0.0009623839280586366,0.031022313389859186,0.023548934739906685,0.9856704360787623
2,671156,flow,Extra Trees,1.3676630575402971e-31,3.698192879691779e-16,2.4003608846561314e-16,1.0
2,671156,flow,Gradient Boosting,0.010295683148757952,0.10146764582248842,0.07984087942200027,0.8467008378968393
2,671156,flow,AdaBoost,0.020167954885934807,0.1420139249719365,0.11506167041964005,0.6997061253073691
2,671156,flow,Hist Gradient Boosting,0.003537620148722092,0.05947789630377063,0.04661790382384581,0.9473260592033876
2,671156,flow,KNN,0.004851409688195473,0.06965206162200421,0.05247946317822706,0.9277641872351867
2,671156,flow,SVR,0.014929606927212393,0.12218677067183825,0.09061165752677636,0.7777033151270485
2,671156,flow,Bagging,0.0009709011998997862,0.031159287538385504,0.023619739634936236,0.9855436168461006
2,671156,flow,MLP Neural Network,0.00817628925923301,0.09042283593889881,0.07012839580383194,0.8782578800800894
2,671156,flow,XGBoost,0.0008558804318661905,0.029255434227954822,0.02210448881219721,0.9872562363109041
2,671156,flow,LightGBM,0.0035088513897028753,0.05923555849068088,0.04639449124413089,0.9477544160776885
2,671156,lv,Linear Regression,1.0247581839891857,1.0123034051059918,0.7029304029606158,0.191126726809568
2,671156,lv,Ridge Regression,1.0247585202984841,1.0123035712168975,0.7029468820252049,0.19112646135025557
2,671156,lv,Lasso Regression,1.1270532520254828,1.061627642832214,0.7776257822374639,0.11038207133226108
2,671156,lv,ElasticNet,1.0720019102963945,1.0353752509580256,0.7413404009506596,0.153835795024018
2,671156,lv,Decision Tree,0.10841654031787902,0.3292666705238765,0.20863359907955123,0.9144234774554084
2,671156,lv,Random Forest,0.02682275825525395,0.16377654977210243,0.10400172900765171,0.9788279687784841
2,671156,lv,Extra Trees,9.422164466714419e-31,9.706783435677557e-16,6.630258809581029e-17,1.0
2,671156,lv,Gradient Boosting,0.2864065474764869,0.5351696436425434,0.3817364695404682,0.7739304695097496
2,671156,lv,AdaBoost,0.9259600122987076,0.962268160285223,0.8409945287190632,0.26911117403731577
2,671156,lv,Hist Gradient Boosting,0.08524916045207492,0.29197458870948845,0.20777081089808544,0.9327102056573242
2,671156,lv,KNN,0.1390681533666388,0.37291842722858143,0.23527769331384135,0.8902292129326296
2,671156,lv,SVR,0.6027285067826972,0.7763559150175241,0.43988539843230245,0.5242477808485141
2,671156,lv,Bagging,0.026922670533933078,0.16408129245570038,0.10351177293135312,0.9787491049322131
2,671156,lv,MLP Neural Network,0.18548467145729655,0.43067931394170367,0.30210517451509256,0.8535912221317778
2,671156,lv,XGBoost,0.015336596727765363,0.12384101391609068,0.08840364987785167,0.9878943506979397
2,671156,lv,LightGBM,0.08719073913813585,0.29528078017056214,0.20747512949267294,0.9311776576557682
3,131933,tmp,Linear Regression,0.0038868901703358848,0.062344928986533335,0.044139647408132504,0.5197168682691223
3,131933,tmp,Ridge Regression,0.0038868907238978176,0.06234493342604367,0.04413994120257323,0.5197167998683065
3,131933,tmp,Lasso Regression,0.0044688869309738935,0.06684973396337411,0.04863989601493989,0.44780250624527995
3,131933,tmp,ElasticNet,0.0041218507857222805,0.06420164161236284,0.04607750083294166,0.49068398716215744
3,131933,tmp,Decision Tree,0.00014402194898421294,0.012000914506162143,0.0061302400920132645,0.9822039446280147
3,131933,tmp,Random Forest,2.8053139241839254e-05,0.005296521428431991,0.0022931811809580108,0.996533617113038
3,131933,tmp,Extra Trees,1.4617853206280404e-32,1.20904314258344e-16,7.985447451031526e-17,1.0
3,131933,tmp,Gradient Boosting,0.0004249345146049082,0.020613939812779803,0.012881937400183823,0.947493016135995
3,131933,tmp,AdaBoost,0.0018441810253788202,0.04294392885355065,0.03866487589818532,0.7721239861348949
3,131933,tmp,Hist Gradient Boosting,6.09508088754636e-05,0.00780709990172174,0.004889261337236353,0.9924686203917853
3,131933,tmp,KNN,0.00017683390384775399,0.013297890954875288,0.005889804931881805,0.978149539242356
3,131933,tmp,SVR,0.0008944838438874989,0.029907922761159774,0.01533801813933682,0.8894732078864381
3,131933,tmp,Bagging,2.8094812378682305e-05,0.005300453978545829,0.002289902160534995,0.9965284677767319
3,131933,tmp,MLP Neural Network,0.0003098818209617666,0.01760346048258031,0.009337464591155264,0.9617094888417896
3,131933,tmp,XGBoost,6.899504498659241e-06,0.0026266907885511078,0.0018368042333049902,0.999147463529251
3,131933,tmp,LightGBM,6.161092992241532e-05,0.00784926301778806,0.004905092459937046,0.9923870526114114
3,131933,flow,Linear Regression,0.035023906724142906,0.18714675183968035,0.146546495405792,0.4649576504170967
3,131933,flow,Ridge Regression,0.03502391728834647,0.1871467800640622,0.14653951403616303,0.46495748903314993
3,131933,flow,Lasso Regression,0.04017489886001029,0.20043677022944242,0.15715202465772424,0.38626857221789734
3,131933,flow,ElasticNet,0.037404897351359795,0.19340345744417237,0.1498393099685327,0.4285844716750793
3,131933,flow,Decision Tree,0.008200495671815208,0.09055658822976498,0.06241165222455301,0.8747252125084053
3,131933,flow,Random Forest,0.0009589073928892136,0.03096622987851788,0.023429108829409014,0.9853512611095953
3,131933,flow,Extra Trees,1.2703206276046367e-31,3.564155759229157e-16,2.3413101421333004e-16,1.0
3,131933,flow,Gradient Boosting,0.009824676156455084,0.09911950441994292,0.07837849107899492,0.8499134360982828
3,131933,flow,AdaBoost,0.02204473290042308,0.14847468774314052,0.11907629580431385,0.6632338653746076
3,131933,flow,Hist Gradient Boosting,0.0033448246588141735,0.057834459095025464,0.045549505286674466,0.9489028206222028
3,131933,flow,KNN,0.004681294958037794,0.06841998946242095,0.051092838329206844,0.9284862458900797
3,131933,flow,SVR,0.014811325521086762,0.12170178930930622,0.08987048758602441,0.7737349385476525
3,131933,flow,Bagging,0.0009512335085576362,0.030842073674732642,0.023336652276460344,0.985468491124383
3,131933,flow,MLP Neural Network,0.0071973532994697486,0.0848372164764365,0.06631121287363419,0.8900497066059156
3,131933,flow,XGBoost,0.0007885018045900014,0.02808027429691529,0.021187433838756212,0.9879544603204593
3,131933,flow,LightGBM,0.0033585576431535576,0.057953064139470295,0.04578260845699276,0.9486930288286829
3,131933,lv,Linear Regression,0.9886360235217836,0.9943017768875723,0.6976713435632537,0.19982250357651155
3,131933,lv,Ridge Regression,0.9886363159955944,0.9943019239625328,0.6976879390867882,0.19982226685545734
3,131933,lv,Lasso Regression,1.0895258613842564,1.0438035549777824,0.7737344810473559,0.11816476912760465
3,131933,lv,ElasticNet,1.03416500717001,1.016939038079476,0.7369429530455399,0.16297247254025038
3,131933,lv,Decision Tree,0.10854047230373891,0.3294548107157322,0.20685481501497507,0.9121500316372853
3,131933,lv,Random Forest,0.026662496293439402,0.16328654657821445,0.10405130176603428,0.9784200362672555
3,131933,lv,Extra Trees,8.165875871152496e-31,9.036523596578773e-16,5.746224301636891e-17,1.0
3,131933,lv,Gradient Boosting,0.2940588824529733,0.542271963550554,0.3902892957204818,0.7619960280992892
3,131933,lv,AdaBoost,0.827467717476949,0.9096525256805199,0.7936869041394962,0.3302681363123783
3,131933,lv,Hist Gradient Boosting,0.08338280158809444,0.28876080341364624,0.2059660647726324,0.9325120268409198
3,131933,lv,KNN,0.14386838137569194,0.37929985680947986,0.23390933775863146,0.8835564975534556
3,131933,lv,SVR,0.5760430809109066,0.758975019951847,0.43565019238616937,0.5337650061815638
3,131933,lv,Bagging,0.026619795971726774,0.16315574146111675,0.10427435422040429,0.9784545968494227
3,131933,lv,MLP Neural Network,0.15851945604096815,0.398145018857411,0.27819536500640757,0.8716982808117549
3,131933,lv,XGBoost,0.014523730036967027,0.12051443912231856,0.08822878647320806,0.9882448528445162
3,131933,lv,LightGBM,0.08609872996903692,0.2934258508874719,0.20579582484317074,0.9303138217172724
4,365839,tmp,Linear Regression,0.0038828577529771355,0.06231258101681502,0.043854818976804405,0.5086436233403077
4,365839,tmp,Ridge Regression,0.003882858271527833,0.062312585177697714,0.04385517089656032,0.5086435577202906
4,365839,tmp,Lasso Regression,0.004433546310747813,0.06658488049660984,0.04811491524340289,0.4389567196141322
4,365839,tmp,ElasticNet,0.004109254651687415,0.06410346832806642,0.045791551228336703,0.4799942194954253
4,365839,tmp,Decision Tree,0.000124149357525111,0.011142233058283739,0.0062120373620456575,0.984289515001832
4,365839,tmp,Random Forest,2.792158553982457e-05,0.005284087957237707,0.002331898179141523,0.996466661934519
4,365839,tmp,Extra Trees,1.3814204274120935e-32,1.1753384310112954e-16,7.816237720995343e-17,1.0
4,365839,tmp,Gradient Boosting,0.0003898152979566077,0.019743740728560222,0.012568771617567314,0.9506708088331031
4,365839,tmp,AdaBoost,0.00199784622056317,0.04469727307748393,0.04070253614619009,0.7471824767965018
4,365839,tmp,Hist Gradient Boosting,6.125502274907761e-05,0.007826558806338684,0.004799783450543633,0.9922484809011826
4,365839,tmp,KNN,0.00016812894259853826,0.012966454511489957,0.005759014747496112,0.9787241167968356
4,365839,tmp,SVR,0.0008569602870255141,0.029273884044067573,0.015147823120823523,0.891555929070218
4,365839,tmp,Bagging,2.8631598319608557e-05,0.005350850242681863,0.0023476042252099523,0.9963768133412789
4,365839,tmp,MLP Neural Network,0.0003393373935980162,0.018421112713351933,0.010151620096778223,0.9570585370902083
4,365839,tmp,XGBoost,7.125939413258122e-06,0.0026694455254337225,0.0018059123899497747,0.999098247735779
4,365839,tmp,LightGBM,5.928668131450818e-05,0.007699784497926431,0.004774334525252284,0.992497564740161
4,365839,flow,Linear Regression,0.03461044018502607,0.18603881365195293,0.14599664568928514,0.4758185338439067
4,365839,flow,Ridge Regression,0.03461045017782246,0.18603884050870254,0.14598910665615833,0.47581838250117214
4,365839,flow,Lasso Regression,0.03974038951787122,0.1993499172758073,0.15613147386604606,0.3981245100689468
4,365839,flow,ElasticNet,0.03698350251940029,0.19231095267664888,0.14905511432661223,0.4398780694331059
4,365839,flow,Decision Tree,0.007983007153633821,0.08934767570358963,0.06023255888220486,0.8790958921135951
4,365839,flow,Random Forest,0.0009088783699029645,0.030147609688049307,0.023129261268475903,0.9862348703470286
4,365839,flow,Extra Trees,1.3339248384212025e-31,3.6522935785903115e-16,2.4217710953954036e-16,1.0
4,365839,flow,Gradient Boosting,0.01008699227223958,0.10043401949658083,0.0792098011148915,0.8472306514999112
4,365839,flow,AdaBoost,0.01912175733814949,0.1382814424937399,0.11144713266304176,0.7103974770789329
4,365839,flow,Hist Gradient Boosting,0.0034101972718248263,0.05839689436797839,0.045955979578639124,0.948351936691056
4,365839,flow,KNN,0.004484114789608559,0.06696353328199281,0.05084910886077761,0.9320872588657177
4,365839,flow,SVR,0.014848046072316316,0.12185255874341054,0.09047669173283142,0.7751236182454775
4,365839,flow,Bagging,0.0009055696231638269,0.030092683881033724,0.0231166635766874,0.9862849819234081
4,365839,flow,MLP Neural Network,0.007241234207514435,0.08509544175521057,0.06582355530481868,0.8903301794665772
4,365839,flow,XGBoost,0.00083473349301472,0.028891754758316776,0.021620718993890186,0.9873578081099542
4,365839,flow,LightGBM,0.0033802213056445475,0.05813967067024501,0.045927501659145546,0.94880592819818
4,365839,lv,Linear Regression,0.9768412745030438,0.9883528087191557,0.6917593646967536,0.194706522503297
4,365839,lv,Ridge Regression,0.9768415890950375,0.988352967868786,0.6917866102705259,0.1947062631583173
4,365839,lv,Lasso Regression,1.0753821139770006,1.0370063230168853,0.7653143583828365,0.11347091405114851
4,365839,lv,ElasticNet,1.022584880171287,1.0112293904803633,0.7310027261374861,0.1569961715554854
4,365839,lv,Decision Tree,0.13911582179607287,0.37298233442895506,0.2330831238045982,0.8853149771277176
4,365839,lv,Random Forest,0.02572080840716172,0.1603770819261958,0.10179067951066877,0.9787961465318231
4,365839,lv,Extra Trees,1.067845306227634e-30,1.0333660078731223e-15,7.514293317525165e-17,1.0
4,365839,lv,Gradient Boosting,0.26722536065095304,0.5169384495768844,0.3682980393830008,0.7797033708844926
4,365839,lv,AdaBoost,0.8186473500205187,0.9047913295453923,0.7899289257285618,0.32511925064092906
4,365839,lv,Hist Gradient Boosting,0.07896385973824231,0.28100508845613864,0.20078052346678327,0.9349033636631282
4,365839,lv,KNN,0.14156791496389576,0.37625511951852,0.23197556622083979,0.8832935078411472
4,365839,lv,SVR,0.5579308494054478,0.7469476885334393,0.42430988087488236,0.540050071953627
4,365839,lv,Bagging,0.025813364623030986,0.16066538091023524,0.10166865081206833,0.978719844558425
4,365839,lv,MLP Neural Network,0.17997487851310076,0.4242344617226431,0.3014115516725992,0.8516313759841954
4,365839,lv,XGBoost,0.013648346837393716,0.11682613935842319,0.08439228185362573,0.9887485050297886
4,365839,lv,LightGBM,0.08136332218859678,0.28524256728019537,0.20344376573389922,0.9329252823604604
5,259179,tmp,Linear Regression,0.003841982299985991,0.06198372608988581,0.044230238479567814,0.5052839623244205
5,259179,tmp,Ridge Regression,0.003841982871457905,0.061983730699740114,0.04423004893889921,0.5052838887383655
5,259179,tmp,Lasso Regression,0.004417425137116527,0.06646371293507855,0.04830781917807275,0.43118658808741517
5,259179,tmp,ElasticNet,0.0040738624168787955,0.06382681581340867,0.045948905824169564,0.4754257267345854
5,259179,tmp,Decision Tree,0.0001354386353042857,0.011637810588950385,0.006070086928208593,0.9825601317824477
5,259179,tmp,Random Forest,3.049912524061652e-05,0.005522601311032376,0.0023408616992970453,0.9960727548402125
5,259179,tmp,Extra Trees,1.4079266747571243e-32,1.1865608601151162e-16,7.851417805173784e-17,1.0
5,259179,tmp,Gradient Boosting,0.00041452572484577683,0.020359904833907667,0.012924179467634429,0.9466232512026284
5,259179,tmp,AdaBoost,0.002136226882306448,0.04621933450739472,0.04166253864720016,0.7249269735587913
5,259179,tmp,Hist Gradient Boosting,6.249441608294342e-05,0.007905340984609294,0.004791041037050967,0.9919528546756929
5,259179,tmp,KNN,0.00015353167359504044,0.012390789869699204,0.005724647991850698,0.9802303666992647
5,259179,tmp,SVR,0.0008881220576160227,0.02980137677383417,0.015334718287031599,0.8856402265784297
5,259179,tmp,Bagging,2.9901503665933827e-05,0.005468226738709161,0.002330591016606532,0.9961497080779871
5,259179,tmp,MLP Neural Network,0.0002376264302176995,0.015415136399581402,0.00830720437353832,0.969401835608477
5,259179,tmp,XGBoost,7.313416606379325e-06,0.002704332931866808,0.0018799799892472446,0.999058281844403
5,259179,tmp,LightGBM,5.8726649786525666e-05,0.007663331507022626,0.004677438238920785,0.992438014228109
5,259179,flow,Linear Regression,0.033768332004632244,0.1837616173324349,0.14453403891770125,0.4910604849815787
5,259179,flow,Ridge Regression,0.03376834207850515,0.18376164474259896,0.14452679665208595,0.49106033315317366
5,259179,flow,Lasso Regression,0.03884597490215263,0.19709382258749925,0.15455475764128773,0.41453277513359865
5,259179,flow,ElasticNet,0.036131836120736616,0.19008376080227532,0.14760392304791492,0.45543892575178935
5,259179,flow,Decision Tree,0.005483329355042623,0.07404950610937674,0.050950897219005975,0.9173579855155758
5,259179,flow,Random Forest,0.000976776964370811,0.03125343124155828,0.023158572091813375,0.9852785031117364
5,259179,flow,Extra Trees,1.3111132016304511e-31,3.6209297171174853e-16,2.404159470432454e-16,1.0
5,259179,flow,Gradient Boosting,0.00958731538363624,0.09791483740289947,0.07750543290718435,0.8555047480282076
5,259179,flow,AdaBoost,0.018832775433563563,0.13723255966993972,0.1111933195330686,0.7161617697227725
5,259179,flow,Hist Gradient Boosting,0.003440760935960065,0.05865799976098797,0.04575463663906795,0.948142561444799
5,259179,flow,KNN,0.004637454199015534,0.06809885607714372,0.05087846819471229,0.9301065954148003
5,259179,flow,SVR,0.014625142690347221,0.12093445617501747,0.08911527705345183,0.7795771189740888
5,259179,flow,Bagging,0.000970405265685722,0.03115132847385039,0.023062724705766712,0.9853745341871886
5,259179,flow,MLP Neural Network,0.007044498730077422,0.08393151213982399,0.0649501241876567,0.8938288166930579
5,259179,flow,XGBoost,0.0007990144660306016,0.02826684393473388,0.02144525161653402,0.9879576511277331
5,259179,flow,LightGBM,0.0034405508444161743,0.05865620891615971,0.04576218328533784,0.94814572784012
5,259179,lv,Linear Regression,0.99441624960703,0.9972042166011083,0.6953338964533948,0.1985128141658633
5,259179,lv,Ridge Regression,0.994416564454673,0.9972043744662741,0.6953536979333902,0.19851256040256104
5,259179,lv,Lasso Regression,1.0952425110939858,1.0465383466906437,0.7736208511613115,0.1172480956847528
5,259179,lv,ElasticNet,1.0407157445249522,1.0201547649866427,0.7362449894652132,0.16119599447192567
5,259179,lv,Decision Tree,0.1228075735422038,0.35043911531420663,0.21730743908768219,0.9010186161415238
5,259179,lv,Random Forest,0.025501722382369387,0.15969258712404089,0.10105450621573883,0.9794459274833394
5,259179,lv,Extra Trees,8.165875871152496e-31,9.036523596578773e-16,5.746224301636891e-17,1.0
5,259179,lv,Gradient Boosting,0.2757304720104766,0.525100439925998,0.3799258201950186,0.7777646532347727
5,259179,lv,AdaBoost,0.7934423742646964,0.8907538236037477,0.7828930575551561,0.3604952695390149
5,259179,lv,Hist Gradient Boosting,0.07620586447952571,0.2760540970163741,0.19717988019153782,0.9385790166945791
5,259179,lv,KNN,0.14095938399385108,0.3754455806023705,0.23235960147433907,0.8863884816455976
5,259179,lv,SVR,0.5781664444317541,0.7603725694892959,0.4346492658329176,0.5340050037653172
5,259179,lv,Bagging,0.025469521926417136,0.15959173514445268,0.10071351196572317,0.9794718806521797
5,259179,lv,MLP Neural Network,0.2740313424083651,0.5234800305726715,0.3635412932720482,0.7791341306580369
5,259179,lv,XGBoost,0.014946375560761765,0.12225537027370931,0.08597169374390924,0.9879534063413092
5,259179,lv,LightGBM,0.0784045366447337,0.28000810103411955,0.19839050913420087,0.9368069141500353
6,644168,tmp,Linear Regression,0.003974301815976834,0.06304206386197103,0.04475343607167991,0.5063488352215283
6,644168,tmp,Ridge Regression,0.0039743023675723665,0.06304206823679222,0.04475344918484618,0.506348766707412
6,644168,tmp,Lasso Regression,0.004548808713953306,0.06744485683840767,0.04903806957699868,0.4349888800668278
6,644168,tmp,ElasticNet,0.004213378244128295,0.06491054031610194,0.046641177868607456,0.47665296341994556
6,644168,tmp,Decision Tree,0.00013353791840440082,0.011555860781629417,0.006278732021080476,0.9834131497770452
6,644168,tmp,Random Forest,2.9568807574554554e-05,0.005437720806970008,0.0023896587993125972,0.996327235077716
6,644168,tmp,Extra Trees,1.4685155921444294e-32,1.2118232511981397e-16,8.082570382812497e-17,1.0
6,644168,tmp,Gradient Boosting,0.0004177618299176405,0.020439222830568694,0.012587078069169578,0.9481094734401442
6,644168,tmp,AdaBoost,0.002026375490317218,0.04501528063132805,0.04047943785875606,0.7483023012866539
6,644168,tmp,Hist Gradient Boosting,6.461245197326003e-05,0.00803818710738062,0.0050432914433089955,0.9919744363531804
6,644168,tmp,KNN,0.0001714537662351969,0.013094035521381362,0.0058765216620839805,0.9787035923976857
6,644168,tmp,SVR,0.0008634445640334361,0.029384427236776898,0.015350693853440863,0.8927508693367867
6,644168,tmp,Bagging,3.0112936132756164e-05,0.005487525501786408,0.0023942244107216172,0.9962596484401169
6,644168,tmp,MLP Neural Network,0.00024048645901170737,0.015507625834140679,0.008310779374928851,0.9701289871525772
6,644168,tmp,XGBoost,5.949035003884568e-06,0.0024390643705906098,0.0017386788085998446,0.9992610656676426
6,644168,tmp,LightGBM,6.052262151459826e-05,0.007779628623179789,0.004828250422849475,0.9924824374218332
6,644168,flow,Linear Regression,0.034467334926879915,0.1856538039655528,0.1457318900036237,0.4722805771612557
6,644168,flow,Ridge Regression,0.03446734609085889,0.1856538340322087,0.1457255769429026,0.4722804062327939
6,644168,flow,Lasso Regression,0.03979104568917094,0.19947693021793508,0.15638729060302525,0.3907707773233329
6,644168,flow,ElasticNet,0.03688881304595218,0.19206460643739695,0.14913315643337438,0.43520602416421217
6,644168,flow,Decision Tree,0.008167122022564704,0.09037213078468773,0.061397751412573365,0.8749555505482305
6,644168,flow,Random Forest,0.0009475859353783782,0.030782883805426323,0.023189389072171065,0.9854917850779925
6,644168,flow,Extra Trees,1.2620394283663134e-31,3.552519427626418e-16,2.337166230377312e-16,1.0
6,644168,flow,Gradient Boosting,0.009977453058500793,0.09988720167519358,0.07901719624349818,0.8472380942535109
6,644168,flow,AdaBoost,0.019053941832171746,0.13803601643111751,0.11151739251349779,0.7082705927856634
6,644168,flow,Hist Gradient Boosting,0.003419819331565347,0.058479221365929174,0.04587117290921998,0.9476401326735878
6,644168,flow,KNN,0.004796006252062342,0.0692532039118938,0.0520931931681493,0.9265697316999247
6,644168,flow,SVR,0.014972725761471304,0.12236308986565884,0.09098687163824175,0.770756914802705
6,644168,flow,Bagging,0.0009476285312513481,0.030783575673585226,0.023229498676391905,0.9854911329048683
6,644168,flow,MLP Neural Network,0.00874161315288562,0.09349659433843363,0.0722665036469049,0.8661596825659196
6,644168,flow,XGBoost,0.0007761666096988561,0.02785976686368456,0.020967243211643463,0.9881163369269507
6,644168,flow,LightGBM,0.0033617577958915327,0.05798066743227032,0.04556479944455117,0.9485290960982308
6,644168,lv,Linear Regression,0.9903228828050773,0.9951496785936663,0.7004529848534867,0.193798118046956
6,644168,lv,Ridge Regression,0.99032315983113,0.99514981778179,0.7004713643166576,0.19379789252563484
6,644168,lv,Lasso Regression,1.0878784385312388,1.0430141123356091,0.7746822888417997,0.1143801080352791
6,644168,lv,ElasticNet,1.0343701689459421,1.0170399052868782,0.7388092865673115,0.1579401109280001
6,644168,lv,Decision Tree,0.1336014177625216,0.36551527705763764,0.2212494366826166,0.8912377808269427
6,644168,lv,Random Forest,0.02882193670907168,0.16977024683103834,0.10527553763972015,0.976536642725483
6,644168,lv,Extra Trees,1.2562885955619224e-30,1.1208428059107675e-15,8.840345079441371e-17,1.0
6,644168,lv,Gradient Boosting,0.2881707053918123,0.5368153363977339,0.38623683094564915,0.7654060417622977
6,644168,lv,AdaBoost,0.8179338412815846,0.9043969489563666,0.7816047529427406,0.3341365592941794
6,644168,lv,Hist Gradient Boosting,0.08287562788244594,0.2878812739350129,0.20355853177718364,0.9325326231202324
6,644168,lv,KNN,0.15139853804614659,0.3890996505345984,0.23801381724852255,0.8767495042101665
6,644168,lv,SVR,0.5660969077736192,0.7523941173172602,0.4343191414309188,0.5391519267714222
6,644168,lv,Bagging,0.028908633499834725,0.17002539075042505,0.10512426313147753,0.9764660646169833
6,644168,lv,MLP Neural Network,0.1841096318971384,0.4290799831000491,0.29986723831918766,0.8501200625590613
6,644168,lv,XGBoost,0.015624778481443322,0.12499911392263276,0.08957138204967807,0.9872801830235822
6,644168,lv,LightGBM,0.08235732365046566,0.28697965720668367,0.20172568026506676,0.9329545641401785
7,110269,tmp,Linear Regression,0.004010963982795117,0.06333217178334498,0.04504687084393284,0.5006601495739678
7,110269,tmp,Ridge Regression,0.004010964505079351,0.06333217590671705,0.045047058522730866,0.5006600845528574
7,110269,tmp,Lasso Regression,0.004542091601541919,0.06739504137206179,0.04906650286333493,0.43453809341993954
7,110269,tmp,ElasticNet,0.0042435430357789855,0.06514248257304127,0.047028988461261335,0.4717055167157934
7,110269,tmp,Decision Tree,0.00010859409049133819,0.01042084883737108,0.00576086179706635,0.9864807170705862
7,110269,tmp,Random Forest,2.7882669077694126e-05,0.005280404253245591,0.0023632544178973573,0.9965287826401692
7,110269,tmp,Extra Trees,1.3769635319886903e-32,1.1734408941181018e-16,7.897389326216777e-17,1.0
7,110269,tmp,Gradient Boosting,0.00040642824722881323,0.020160065655369607,0.012801529477535016,0.949402233216085
7,110269,tmp,AdaBoost,0.0024792109258943026,0.04979167526699923,0.04463739169819664,0.691353794693528
7,110269,tmp,Hist Gradient Boosting,6.347674099407225e-05,0.007967229191762482,0.004958212338091421,0.9920975440095018
7,110269,tmp,KNN,0.00016413520550969855,0.012811526275573045,0.0059599555655365484,0.9795661967246726
7,110269,tmp,SVR,0.0008850139337366007,0.02974918374908126,0.015521287592687146,0.8898213179692962
7,110269,tmp,Bagging,2.7556449982465008e-05,0.0052494237762315404,0.0023576893454307943,0.9965693948707743
7,110269,tmp,MLP Neural Network,0.0002983955868922238,0.017274130568344787,0.009131536238871365,0.9628516216137356
7,110269,tmp,XGBoost,7.451690364133285e-06,0.0027297784459793225,0.0019115140913867229,0.9990723113027671
7,110269,tmp,LightGBM,5.939955288636138e-05,0.007707110540686527,0.004885043463407033,0.992605128347979
7,110269,flow,Linear Regression,0.03386778963130062,0.18403203425300885,0.14456292690502787,0.47768044167018864
7,110269,flow,Ridge Regression,0.03386779996036762,0.18403206231623778,0.14455630225394858,0.477680282372113
7,110269,flow,Lasso Regression,0.03904438412182602,0.19759651849621748,0.15528264936240901,0.39784539552814946
7,110269,flow,ElasticNet,0.03619164023028483,0.19024100564884752,0.14775480209770336,0.44184129681604345
7,110269,flow,Decision Tree,0.007497876796317705,0.08659028118858204,0.058456324002271576,0.8843654180181699
7,110269,flow,Random Forest,0.0009608635890535191,0.03099779974536127,0.023328373819548987,0.9851812636456855
7,110269,flow,Extra Trees,1.2828574431182094e-31,3.581699935949701e-16,2.3685908945268893e-16,1.0
7,110269,flow,Gradient Boosting,0.009846938751276006,0.09923174265967522,0.0780280808174128,0.8481374558109988
7,110269,flow,AdaBoost,0.018988402706520028,0.13779841329463857,0.11160118990920544,0.7071549627823392
7,110269,flow,Hist Gradient Boosting,0.003539856943765408,0.0594966969147482,0.04638847114480795,0.9454072280610402
7,110269,flow,KNN,0.004732045227169227,0.0687898628227243,0.05101164988311042,0.9270209305077461
7,110269,flow,SVR,0.014257130441267538,0.11940322625987766,0.08881262651061764,0.7801221114161211
7,110269,flow,Bagging,0.0009621502329141531,0.0310185465957732,0.023367185408171075,0.9851614206249176
7,110269,flow,MLP Neural Network,0.007914885166006563,0.08896564036754057,0.06901153319357531,0.8779341855743964
7,110269,flow,XGBoost,0.0009180047043611045,0.030298592448513257,0.022605170910089883,0.9858422466613105
7,110269,flow,LightGBM,0.0035992613299805896,0.05999384410071244,0.04684486008149604,0.9444910751881024
7,110269,lv,Linear Regression,0.9710995682303208,0.985443843265724,0.6878696551748903,0.2005887790417028
7,110269,lv,Ridge Regression,0.971099875325342,0.9854439990812984,0.6878909767277309,0.200588526240431
7,110269,lv,Lasso Regression,1.0674614083973297,1.033180240034298,0.762886836449803,0.12126350816131592
7,110269,lv,ElasticNet,1.015560647690375,1.0077502903449718,0.7276326529878673,0.16398832427983234
7,110269,lv,Decision Tree,0.12494215776786569,0.35347157985878536,0.21317340211191738,0.8971473511491825
7,110269,lv,Random Forest,0.028789856225434042,0.1696757384702776,0.10398831727449455,0.9763001293901004
7,110269,lv,Extra Trees,1.1934741657838262e-30,1.092462432207088e-15,8.398327825469302e-17,1.0
7,110269,lv,Gradient Boosting,0.2708865739249432,0.5204676492587634,0.37395802487669294,0.7770055987181855
7,110269,lv,AdaBoost,0.9434623788681149,0.9713199158197647,0.8440023461803949,0.22333977184891685
7,110269,lv,Hist Gradient Boosting,0.08892540589466966,0.2982036315920208,0.20855515591787294,0.9267964175599245
7,110269,lv,KNN,0.1528831130562338,0.3910027021086092,0.2367036721860031,0.8741462975882999
7,110269,lv,SVR,0.5670103549292043,0.7530008996868491,0.42230631288542464,0.53323587512661
7,110269,lv,Bagging,0.02858833287488607,0.1690808471556908,0.10413035749440125,0.9764660238390153
7,110269,lv,MLP Neural Network,0.22447985889415856,0.47379305492393886,0.3334878428744189,0.8152077048019405
7,110269,lv,XGBoost,0.015321127166022517,0.12377854081391701,0.08800113916293373,0.9873876156730589
7,110269,lv,LightGBM,0.08659134993872805,0.29426408197183707,0.20483783731327987,0.92871781736543
8,732181,tmp,Linear Regression,0.004010411843582289,0.06332781255958782,0.04491851306202108,0.503006810889487
8,732181,tmp,Ridge Regression,0.004010412375524037,0.06332781675949391,0.0449187926119068,0.5030067449682211
8,732181,tmp,Lasso Regression,0.004543782874294852,0.0674075876611443,0.04917269270202978,0.4369084200328974
8,732181,tmp,ElasticNet,0.004236846225178902,0.06509106102360679,0.046855306175688734,0.4749457663326654
8,732181,tmp,Decision Tree,0.00010778850859514135,0.010382124474072796,0.005620467529144863,0.9866422310910807
8,732181,tmp,Random Forest,2.4290430214755493e-05,0.004928532257655974,0.0022917333180622083,0.9969897908623484
8,732181,tmp,Extra Trees,1.4731432154167128e-32,1.213731113309992e-16,8.107174858863677e-17,1.0
8,732181,tmp,Gradient Boosting,0.00043737262989703975,0.020913455713894816,0.01317450429510351,0.9457982804160044
8,732181,tmp,AdaBoost,0.0018417843868555393,0.04291601550535114,0.03879337372901709,0.7717555373914795
8,732181,tmp,Hist Gradient Boosting,6.513868944979944e-05,0.008070854319698718,0.0049810977614096336,0.9919276407843396
8,732181,tmp,KNN,0.00016267567207923928,0.012754437348595165,0.005733947926718508,0.9798402996473451
8,732181,tmp,SVR,0.0009183579656023124,0.03030442155201634,0.015632080087963986,0.886191824712436
8,732181,tmp,Bagging,2.420539139715762e-05,0.004919897498643404,0.0022956220757698285,0.9970003293593418
8,732181,tmp,MLP Neural Network,0.00029085761078056165,0.01705454809663867,0.008985159945538767,0.9639552601585744
8,732181,tmp,XGBoost,6.7536000593007606e-06,0.0025987689507343203,0.0018511072622498428,0.9991630552266546
8,732181,tmp,LightGBM,5.8966176281414797e-05,0.007678943695679426,0.004849211416044514,0.992692573944332
8,732181,flow,Linear Regression,0.034362108378112106,0.18537019279838954,0.14531866675333474,0.4802540268486061
8,732181,flow,Ridge Regression,0.034362117875126566,0.18537021841473503,0.14531193515312923,0.48025388320098794
8,732181,flow,Lasso Regression,0.03924972639827935,0.19811543705193532,0.15504109923529294,0.40632608982183616
8,732181,flow,ElasticNet,0.03672025859634989,0.19162530781801732,0.1484304542920696,0.4445856951348317
8,732181,flow,Decision Tree,0.0073780961747617,0.08589584492140293,0.05750181609973571,0.8884021977301387
8,732181,flow,Random Forest,0.0009258565357056069,0.030427890753478244,0.0231175538215521,0.9859959056978177
8,732181,flow,Extra Trees,1.3206212452003778e-31,3.634035284914523e-16,2.3786053479371937e-16,1.0
8,732181,flow,Gradient Boosting,0.009695600293334985,0.09846623935814237,0.07819987591498653,0.853348660847708
8,732181,flow,AdaBoost,0.019182515822114513,0.13850095964329817,0.11235055720273793,0.7098537946580832
8,732181,flow,Hist Gradient Boosting,0.003543469827078,0.05952705122108771,0.04624400065232774,0.9464030509030005
8,732181,flow,KNN,0.0045267837458336,0.06728137740737478,0.05042268898152412,0.931529881771665
8,732181,flow,SVR,0.01459868873926162,0.12082503357856607,0.08975873271009403,0.7791867250394052
8,732181,flow,Bagging,0.0009231852584271176,0.030383963836654322,0.023049950320093313,0.9860363102502214
8,732181,flow,MLP Neural Network,0.00785521401315135,0.08862964522749343,0.06776326823886006,0.8811855254441134
8,732181,flow,XGBoost,0.0008092262798852183,0.02844690281709449,0.021130918304869524,0.9877600030908891
8,732181,flow,LightGBM,0.003490035976163649,0.059076526439556756,0.04626121043859195,0.947211267574024
8,732181,lv,Linear Regression,1.0050442294848512,1.0025189422075031,0.7003185887686634,0.1944202082037676
8,732181,lv,Ridge Regression,1.0050445883144423,1.0025191211714828,0.7003443453284671,0.19441992058869662
8,732181,lv,Lasso Regression,1.1095272770351692,1.0533410070035103,0.7793425650788058,0.11067321556150023
8,732181,lv,ElasticNet,1.0548644145498889,1.0270659251235477,0.7423717024721189,0.15448750361770747
8,732181,lv,Decision Tree,0.12330683796649373,0.3511507339683255,0.21600651543048038,0.9011650493162728
8,732181,lv,Random Forest,0.028374872056656935,0.16844842550958122,0.10275410632650067,0.9772564999100958
8,732181,lv,Extra Trees,9.422164466714419e-31,9.706783435677557e-16,6.630258809581029e-17,1.0
8,732181,lv,Gradient Boosting,0.2816346568639591,0.5306926199448784,0.3795800590279962,0.7742594986537443
8,732181,lv,AdaBoost,0.8207271457651711,0.9059399239271725,0.7882342143900923,0.34215710730869064
8,732181,lv,Hist Gradient Boosting,0.08177563278074028,0.2859643907565071,0.2034891773082388,0.9344538326802991
8,732181,lv,KNN,0.13375630258666826,0.3657270875757882,0.2259175646370138,0.8927894203776171
8,732181,lv,SVR,0.5924495185686676,0.7697074240051655,0.43715217177157606,0.5251299934700843
8,732181,lv,Bagging,0.02802925825334338,0.16741940823376297,0.10240472715545874,0.9775335220426022
8,732181,lv,MLP Neural Network,0.22129248609158952,0.47041735309360083,0.3236473723008674,0.8226259604882191
8,732181,lv,XGBoost,0.014605786831756371,0.12085440344379832,0.0871570193351333,0.9882929264506326
8,732181,lv,LightGBM,0.08201284571835342,0.28637884998434054,0.20427990041919866,0.9342636978152975
9,54887,tmp,Linear Regression,0.004005752151882795,0.06329101161999857,0.04477918406043856,0.50932781388653
9,54887,tmp,Ridge Regression,0.004005752687672807,0.06329101585274807,0.044779467305686216,0.5093277482565942
9,54887,tmp,Lasso Regression,0.00456974929810586,0.0675999208439319,0.04899559694565018,0.44024273268175396
9,54887,tmp,ElasticNet,0.004242994396377239,0.06513827136466886,0.04662646812398516,0.4802675609475555
9,54887,tmp,Decision Tree,0.00015867407238411924,0.012596589712462625,0.005911074523876939,0.9805637116266297
9,54887,tmp,Random Forest,2.9567192151274614e-05,0.00543757226630365,0.002347611241617419,0.9963782584992724
9,54887,tmp,Extra Trees,1.5020890738654815e-32,1.2255974354842137e-16,8.095088449575379e-17,1.0
9,54887,tmp,Gradient Boosting,0.0004266052998451664,0.020654425672120887,0.013006608430731786,0.9477443069002076
9,54887,tmp,AdaBoost,0.0020467286962955566,0.04524078576125261,0.0411796066552061,0.7492923162206923
9,54887,tmp,Hist Gradient Boosting,6.846578298417888e-05,0.008274405294894545,0.0050682977395881176,0.9916134962581179
9,54887,tmp,KNN,0.00014935311583069198,0.01222101124419301,0.005597974375054434,0.9817054532909484
9,54887,tmp,SVR,0.0008794386253258022,0.02965533047068945,0.015331769375003645,0.8922758931457071
9,54887,tmp,Bagging,2.9591113266432856e-05,0.005439771435127845,0.0023485695422799384,0.9963753283564617
9,54887,tmp,MLP Neural Network,0.0003413535718525288,0.018475756326941768,0.009937365275549415,0.9581869529147488
9,54887,tmp,XGBoost,5.77061088256823e-06,0.0024022095833977995,0.0017243095142071324,0.9992931469173326
9,54887,tmp,LightGBM,6.008153965649783e-05,0.0077512282676036465,0.0048542392023105995,0.9926404981410394
9,54887,flow,Linear Regression,0.03439667523514275,0.18546340672796546,0.1451874247405684,0.4751369821012903
9,54887,flow,Ridge Regression,0.03439668541215359,0.1854634341646719,0.14518175029506833,0.4751368268090538
9,54887,flow,Lasso Regression,0.03939319856451862,0.1984771991048811,0.15574761970742124,0.3988944297112803
9,54887,flow,ElasticNet,0.03679090226306981,0.1918095468506972,0.14878277789502967,0.43860318298199175
9,54887,flow,Decision Tree,0.00775853656398706,0.08808255538974252,0.05996817878025555,0.8816115543838597
9,54887,flow,Random Forest,0.0008995183384858286,0.029991971233745685,0.02302711039987559,0.9862741411323807
9,54887,flow,Extra Trees,1.2450169632653158e-31,3.528479790597242e-16,2.3309503627433304e-16,1.0
9,54887,flow,Gradient Boosting,0.010156146305499433,0.10077770738362445,0.07984565899970619,0.8450261380297868
9,54887,flow,AdaBoost,0.017727303709708174,0.133143921039258,0.10812141965295971,0.7294969336228694
9,54887,flow,Hist Gradient Boosting,0.0034337805134086645,0.05859846852443044,0.04622290797717089,0.9476035288076885
9,54887,flow,KNN,0.00452779893163155,0.06728892131422193,0.05081031024914463,0.9309097697539479
9,54887,flow,SVR,0.014852937424834222,0.12187262787367072,0.09036900397900513,0.7733572356000754
9,54887,flow,Bagging,0.0008953290594551414,0.029922049720150213,0.022978259606562995,0.9863380658466107
9,54887,flow,MLP Neural Network,0.00759289613725855,0.08713722589834123,0.06725146413150186,0.8841390816423644
9,54887,flow,XGBoost,0.0008527126525304851,0.029201244023679625,0.021736777937350887,0.9869883547421962
9,54887,flow,LightGBM,0.003439216064898614,0.05864482982240305,0.04621214224094378,0.9475205870716208
9,54887,lv,Linear Regression,1.0452927091819397,1.0223955737296302,0.7075682360645912,0.19564794396351237
9,54887,lv,Ridge Regression,1.0452930113302996,1.0223957214945198,0.7075872089547558,0.19564771146054705
9,54887,lv,Lasso Regression,1.14624805084282,1.0706297449832132,0.7816342379291392,0.11796287458581978
9,54887,lv,ElasticNet,1.091756512121213,1.04487152900307,0.7452368422929146,0.15989407799162836
9,54887,lv,Decision Tree,0.1281235450959024,0.35794349427794103,0.23010197422180673,0.9014090158485597
9,54887,lv,Random Forest,0.02664746832993864,0.16324052294065539,0.10198076799066864,0.9794947905490244
9,54887,lv,Extra Trees,1.067845306227634e-30,1.0333660078731223e-15,7.514293317525165e-17,1.0
9,54887,lv,Gradient Boosting,0.2874809166159372,0.5361724690954742,0.37978445703833225,0.7787836226923925
9,54887,lv,AdaBoost,0.9314513943984786,0.9651172956684999,0.8285952306111593,0.2832487612308946
9,54887,lv,Hist Gradient Boosting,0.08357199078428273,0.28908820588927997,0.20646832625461975,0.9356914077521802
9,54887,lv,KNN,0.1424463038468982,0.377420592770053,0.23186827579409003,0.8903876623575416
9,54887,lv,SVR,0.6020838701832101,0.7759406357339523,0.441843350587047,0.5366968556900386
9,54887,lv,Bagging,0.02689693066827191,0.16400283737872315,0.10241225476177292,0.9793028294428391
9,54887,lv,MLP Neural Network,0.17814370505795726,0.4220707346618067,0.2881815314041028,0.8629185354736986
9,54887,lv,XGBoost,0.014421960313504604,0.12009146644747329,0.08758011456152254,0.9889023109715147
9,54887,lv,LightGBM,0.08161797649877124,0.2856886005754714,0.20450080809612,0.9371950204668483
10,137338,tmp,Linear Regression,0.003931852597257284,0.06270448626101073,0.04405198539219849,0.507473308139089
10,137338,tmp,Ridge Regression,0.0039318531782028925,0.06270449089341922,0.04405207925260004,0.507473235366468
10,137338,tmp,Lasso Regression,0.004499211701215229,0.0670761634354204,0.048442060500443924,0.4364026116525259
10,137338,tmp,ElasticNet,0.0041675236188020446,0.06455636001822009,0.046065476401949204,0.4779517872433434
10,137338,tmp,Decision Tree,0.00012947172367834837,0.011378564218667854,0.00603848722240887,0.9837816199423881
10,137338,tmp,Random Forest,2.6146605379437176e-05,0.005113375145580185,0.0023197755307776038,0.9967247243551526
10,137338,tmp,Extra Trees,1.4609571407996997e-32,1.2087006001486472e-16,7.93515935524271e-17,1.0
10,137338,tmp,Gradient Boosting,0.0004023300716573955,0.02005816720583901,0.01256590854317465,0.9496017985598422
10,137338,tmp,AdaBoost,0.002123743236127502,0.046084088752274384,0.04151777531102511,0.7339675879046138
10,137338,tmp,Hist Gradient Boosting,6.20699892043806e-05,0.007878450939390345,0.004856764948457429,0.9922247526603614
10,137338,tmp,KNN,0.00016779574759170777,0.012953599792787632,0.0057730842637014,0.9789809301276142
10,137338,tmp,SVR,0.0008856714525199993,0.02976023273632112,0.015315789910298323,0.88905565002879
10,137338,tmp,Bagging,2.6761749394142356e-05,0.005173175948500337,0.002335136684858475,0.9966476678432192
10,137338,tmp,MLP Neural Network,0.00026503097280405994,0.016279771890418487,0.00867627502506489,0.9668006810919313
10,137338,tmp,XGBoost,6.539236602620224e-06,0.0025571931101542223,0.0018159499582134462,0.9991808572443863
10,137338,tmp,LightGBM,6.0466888097402246e-05,0.0077760457880212,0.004854643071532916,0.9924255664155589
10,137338,flow,Linear Regression,0.03456662014179592,0.18592100511183754,0.14623657268176793,0.47840951747481275
10,137338,flow,Ridge Regression,0.03456663043994845,0.18592103280680336,0.14622941542753023,0.47840936208159457
10,137338,flow,Lasso Regression,0.039771129322823354,0.1994270024916971,0.15629883708811998,0.3998764574329806
10,137338,flow,ElasticNet,0.036957441264826224,0.19224318262249568,0.14919494659661808,0.4423333972733775
10,137338,flow,Decision Tree,0.0076318094755552365,0.08736022822517829,0.05871317898993946,0.8848403699706252
10,137338,flow,Random Forest,0.0009813248852275592,0.031326105490909,0.02359583609401866,0.9851923700292318
10,137338,flow,Extra Trees,1.2975795750974507e-31,3.6021931862373107e-16,2.34856198770628e-16,1.0
10,137338,flow,Gradient Boosting,0.009952335872421267,0.09976139469965958,0.07890944006839144,0.8498249568903546
10,137338,flow,AdaBoost,0.022014627144669504,0.14837326964338793,0.11953331255601982,0.6678118963353278
10,137338,flow,Hist Gradient Boosting,0.0036032489412403403,0.060027068404515146,0.04701885424315556,0.9456290390495126
10,137338,flow,KNN,0.00471555424057115,0.06866989326168456,0.05164631101611197,0.9288449897148258
10,137338,flow,SVR,0.014658252229910901,0.12107126921739485,0.08997202177529992,0.7788153767359363
10,137338,flow,Bagging,0.000980529324032001,0.031313404861688245,0.023604550802995332,0.985204374591615
10,137338,flow,MLP Neural Network,0.008866720114633143,0.09416326308403476,0.07241081764432804,0.8662062763430188
10,137338,flow,XGBoost,0.000816774846379859,0.028579273020492648,0.021585536363776234,0.9876753357866601
10,137338,flow,LightGBM,0.003588244064234468,0.059901953759743665,0.04684907319963954,0.9458554540419423
10,137338,lv,Linear Regression,0.9966233928454771,0.9983102688270201,0.6953323411891574,0.19994647838625335
10,137338,lv,Ridge Regression,0.996623674118384,0.9983104097015036,0.6953555057025949,0.19994625259044985
10,137338,lv,Lasso Regression,1.094480364768483,1.0461741560411837,0.7702652427949485,0.12139041040361342
10,137338,lv,ElasticNet,1.0410593108883752,1.0203231404258042,0.7344352015441236,0.16427491681989492
10,137338,lv,Decision Tree,0.1253342713808014,0.3540258060944165,0.22478452490486261,0.8993861413278603
10,137338,lv,Random Forest,0.02615039385411057,0.16171083406534817,0.10260368186395019,0.9790074015473049
10,137338,lv,Extra Trees,7.537731573371535e-31,8.682011042017589e-16,5.304207047664823e-17,1.0
10,137338,lv,Gradient Boosting,0.2769102569251467,0.5262226305710794,0.3787672871200657,0.7777063755332898
10,137338,lv,AdaBoost,0.7539926549350514,0.8683275044216044,0.748551356704051,0.3947217342256226
10,137338,lv,Hist Gradient Boosting,0.08220732782678708,0.2867182028173082,0.20386890592127369,0.93400690511338
10,137338,lv,KNN,0.1467928048458289,0.3831354914985414,0.23664382650326587,0.8821600001489491
10,137338,lv,SVR,0.5635889308447654,0.750725602896801,0.43032856448876294,0.5475710161914777
10,137338,lv,Bagging,0.026064106553805654,0.16144381856796391,0.1023195974624884,0.9790766698977923
10,137338,lv,MLP Neural Network,0.2387781413392902,0.4886493030172971,0.3344137559623086,0.8083174705367332
10,137338,lv,XGBoost,0.014688914974212352,0.12119783403267714,0.08854582036135077,0.9882082657921059
10,137338,lv,LightGBM,0.08191555609493296,0.2862089378320198,0.2043387328217025,0.9342411289969984
11,999891,tmp,Linear Regression,0.004024938408438568,0.06344240229088562,0.04514497428360942,0.5134795629849092
11,999891,tmp,Ridge Regression,0.004024938945551787,0.06344240652396303,0.045144983606926495,0.5134794980605473
11,999891,tmp,Lasso Regression,0.00459779230208507,0.06780702251304853,0.04915795377893434,0.4442349936522785
11,999891,tmp,ElasticNet,0.004260272846995714,0.06527076563819145,0.04683881609645368,0.4850331615066962
11,999891,tmp,Decision Tree,0.0001500768676317246,0.012250586419911684,0.006329594401429544,0.9818592346474271
11,999891,tmp,Random Forest,2.65013265333469e-05,0.005147943913189702,0.00231992754933748,0.9967966126041949
11,999891,tmp,Extra Trees,1.4067061203989007e-32,1.1860464242174083e-16,8.035519718083049e-17,1.0
11,999891,tmp,Gradient Boosting,0.0004406963868780267,0.020992769871506396,0.01340703886589419,0.9467301665324002
11,999891,tmp,AdaBoost,0.0019806784102400143,0.044504813337885314,0.039819077760545184,0.7605825411598879
11,999891,tmp,Hist Gradient Boosting,6.580247358812196e-05,0.008111872384851844,0.004983438344549016,0.9920460278001654
11,999891,tmp,KNN,0.00014820832489014077,0.012174084149953161,0.005643592787744947,0.9820850975399649
11,999891,tmp,SVR,0.000921177085944682,0.030350899260889814,0.015646906463778327,0.8886513449541311
11,999891,tmp,Bagging,2.7083473028789768e-05,0.0052041784201533456,0.0023369247856734054,0.9967262447777517
11,999891,tmp,MLP Neural Network,0.0004448919016817144,0.021092460778242884,0.011677390944827925,0.9462230274190379
11,999891,tmp,XGBoost,6.629396404042347e-06,0.0025747614266262314,0.001761761355220895,0.9991986618158234
11,999891,tmp,LightGBM,6.543647437520801e-05,0.008089281449869822,0.005013143563031021,0.9920902685012506
11,999891,flow,Linear Regression,0.03366810507486509,0.1834887055784772,0.1442649967925642,0.4870139398964016
11,999891,flow,Ridge Regression,0.03366811381895635,0.18348872940580396,0.14425860750942665,0.4870138066665418
11,999891,flow,Lasso Regression,0.038472967086381905,0.1961452703645487,0.15408522208188333,0.41380437769655043
11,999891,flow,ElasticNet,0.03595490582619833,0.18961778879155386,0.14755393666571473,0.4521709659583121
11,999891,flow,Decision Tree,0.004786891033266577,0.06918736180305314,0.04727792961131941,0.9270642536655888
11,999891,flow,Random Forest,0.0009245289159687204,0.03040606709143293,0.022938629129931568,0.9859133608796798
11,999891,flow,Extra Trees,1.323036594978222e-31,3.637357000595655e-16,2.4003608846561314e-16,1.0
11,999891,flow,Gradient Boosting,0.009786630124248245,0.09892739824865629,0.07811241378923253,0.850885435400483
11,999891,flow,AdaBoost,0.021006715496215075,0.14493693627303936,0.11802414289464225,0.6799299457406793
11,999891,flow,Hist Gradient Boosting,0.00346188380740759,0.05883777534380094,0.045981135374801974,0.9472528040722952
11,999891,flow,KNN,0.004894341997460112,0.0699595740228606,0.05232667139676516,0.9254270707396888
11,999891,flow,SVR,0.014584040073380869,0.12076439903125784,0.0898623615263793,0.7777894169867645
11,999891,flow,Bagging,0.0009254364964255136,0.030420987762160415,0.022959662366674956,0.985899532476753
11,999891,flow,MLP Neural Network,0.007965245196214183,0.08924822237005163,0.06860965203438751,0.8786370738157321
11,999891,flow,XGBoost,0.0007465542005272369,0.027323144045428537,0.020619805530082892,0.9886250830829155
11,999891,flow,LightGBM,0.0034852112760939908,0.05903567799300683,0.04585253675382041,0.9468973737257693
11,999891,lv,Linear Regression,1.0195069874269784,1.0097063867416995,0.7102753402195737,0.19922763625714268
11,999891,lv,Ridge Regression,1.0195073358204807,1.0097065592638688,0.7102875925775293,0.19922736261126117
11,999891,lv,Lasso Regression,1.1249430083364758,1.0606333053117254,0.7823436937387638,0.11641285153416236
11,999891,lv,ElasticNet,1.0694164673551576,1.0341259436621624,0.7458838200368988,0.1600262058519124
11,999891,lv,Decision Tree,0.14109252833952246,0.37562285385679406,0.24010663130890267,0.8891787905151677
11,999891,lv,Random Forest,0.028552217660998545,0.1689740147507851,0.10519937134491454,0.9775736438215085
11,999891,lv,Extra Trees,8.794020168933457e-31,9.377643717338304e-16,6.18824155560896e-17,1.0
11,999891,lv,Gradient Boosting,0.29799408943146155,0.5458883488694932,0.39037807629010207,0.7659403669437594
11,999891,lv,AdaBoost,0.9123564118334121,0.9551734982888774,0.8316384468223346,0.28338911896656216
11,999891,lv,Hist Gradient Boosting,0.0850154825370524,0.291574145865254,0.20499835468556032,0.9332245391689273
11,999891,lv,KNN,0.153417208050682,0.3916850878584504,0.2398762644790046,0.8794983635770584
11,999891,lv,SVR,0.591660375479663,0.769194627828135,0.4441892424507414,0.5352800096038863
11,999891,lv,Bagging,0.02835433705940804,0.16838746111099853,0.1051005242979472,0.9777290692565752
11,999891,lv,MLP Neural Network,0.16548840858336106,0.4068026654083784,0.2843613857556819,0.8700170320089804
11,999891,lv,XGBoost,0.016223047119321425,0.12736972607068536,0.0920876113037222,0.9872575980850928
11,999891,lv,LightGBM,0.08475844630763894,0.2911330388458839,0.20579010489035843,0.9334264284267091
12,521431,tmp,Linear Regression,0.003977549810197569,0.0630678191330378,0.0446045172606048,0.5019326249151711
12,521431,tmp,Ridge Regression,0.003977550309309709,0.0630678230899855,0.04460455255319981,0.5019325624165263
12,521431,tmp,Lasso Regression,0.004515094252544389,0.06719445105471425,0.04866453523315592,0.43462150068871674
12,521431,tmp,ElasticNet,0.004202592331360157,0.06482740416953434,0.04640767550847616,0.47375288031195906
12,521431,tmp,Decision Tree,9.515518497900911e-05,0.009754751917860807,0.005266742968628396,0.9880847015198404
12,521431,tmp,Random Forest,3.1659246986972415e-05,0.005626655044248973,0.00241102618156454,0.9960356403322627
12,521431,tmp,Extra Trees,1.3765247314648135e-32,1.1732539075003388e-16,7.907964934344038e-17,1.0
12,521431,tmp,Gradient Boosting,0.00040527114698144575,0.020131347371237868,0.012665604654542075,0.9492520908582562
12,521431,tmp,AdaBoost,0.001775393707927038,0.04213542106027941,0.037529696835365875,0.7776858302107803
12,521431,tmp,Hist Gradient Boosting,5.956411360263369e-05,0.007717779058941354,0.0048069856049946045,0.9925414028417046
12,521431,tmp,KNN,0.00016266917894038855,0.012754182801747376,0.005796076050948678,0.979630623165466
12,521431,tmp,SVR,0.0008913869098586537,0.029856103393756085,0.015317295655075969,0.8883808476162807
12,521431,tmp,Bagging,3.1262629369803974e-05,0.0055912994348187054,0.002398864739825816,0.9960853046494734
12,521431,tmp,MLP Neural Network,0.0002455160332681878,0.01566895124978656,0.008311118583313775,0.9692565694796285
12,521431,tmp,XGBoost,6.152380549563179e-06,0.00248039927220663,0.0017438390339976192,0.9992296010918612
12,521431,tmp,LightGBM,6.111109352245411e-05,0.007817358474731353,0.004831598902147944,0.9923476905653683
12,521431,flow,Linear Regression,0.03422415179325225,0.18499770753512662,0.14524542300340632,0.4798332792507223
12,521431,flow,Ridge Regression,0.03422416217762642,0.18499773560134844,0.14523839834273622,0.47983312142048895
12,521431,flow,Lasso Regression,0.03941942871493171,0.1985432666068827,0.1556498683004596,0.40087120077293736
12,521431,flow,ElasticNet,0.036631705843586056,0.19139411130854067,0.1484746756951865,0.44324129874075713
12,521431,flow,Decision Tree,0.007497612851356215,0.08658875707247572,0.058161344648270365,0.8860451322826781
12,521431,flow,Random Forest,0.00090852702252833,0.03014178200651597,0.022885950746220848,0.9861914613727887
12,521431,flow,Extra Trees,1.3028320023921278e-31,3.6094764196377955e-16,2.367554916587892e-16,1.0
12,521431,flow,Gradient Boosting,0.009624439880315718,0.09810422967597125,0.07760416086372615,0.8537198712232378
12,521431,flow,AdaBoost,0.01818766857310391,0.1348616645793159,0.10871210295797036,0.723568900205397
12,521431,flow,Hist Gradient Boosting,0.0034007778456354508,0.0583161885383077,0.04585818533622545,0.9483121898638329
12,521431,flow,KNN,0.004637475127350412,0.0680990097383979,0.051424872557014,0.929515850557155
12,521431,flow,SVR,0.014393921220767915,0.11997466907963496,0.08888540194805733,0.7812293831163262
12,521431,flow,Bagging,0.0009045684028573769,0.03007604367029309,0.022842408632289275,0.9862516277203836
12,521431,flow,MLP Neural Network,0.007210511019548506,0.0849147279307218,0.06648456664309502,0.8904087413291402
12,521431,flow,XGBoost,0.0007606166675489283,0.027579279677847433,0.02037610478741014,0.988439524225574
12,521431,flow,LightGBM,0.0034247093620284,0.05852101641315195,0.04583035618090606,0.9479484590552543
12,521431,lv,Linear Regression,0.9531627566943721,0.9763005462942096,0.6945551852304328,0.20893481981547202
12,521431,lv,Ridge Regression,0.9531630820163213,0.9763007129037248,0.6945666453324646,0.2089345498187012
12,521431,lv,Lasso Regression,1.0521565603825762,1.025746830549613,0.7663982583360991,0.12677618468022311
12,521431,lv,ElasticNet,1.0011883225100322,1.0005939848460175,0.7319371836408887,0.1690766186755266
12,521431,lv,Decision Tree,0.11961804626008299,0.3458584193858565,0.21620987898101957,0.9007245397981962
12,521431,lv,Random Forest,0.027725888159921587,0.16651092504674156,0.1036437869019597,0.9769892554456603
12,521431,lv,Extra Trees,1.2562885955619224e-30,1.1208428059107675e-15,8.840345079441371e-17,1.0
12,521431,lv,Gradient Boosting,0.28128540038789235,0.5303634606455203,0.37548615277659336,0.7665507969354348
12,521431,lv,AdaBoost,0.8218550328112845,0.9065622057042112,0.7845101953623809,0.3179119777285999
12,521431,lv,Hist Gradient Boosting,0.08252525261135893,0.2872720881174482,0.20281134677813928,0.9315092271825818
12,521431,lv,KNN,0.14582821570769713,0.38187460730938516,0.2334448351209953,0.8789717465096181
12,521431,lv,SVR,0.5507565456204548,0.7421297363806781,0.4261598911604806,0.5429066831041178
12,521431,lv,Bagging,0.027408595710162385,0.1655554158285448,0.10330208014482116,0.9772525882365999
12,521431,lv,MLP Neural Network,0.17434546218718486,0.4175469580624254,0.2891164259280176,0.8553042242882312
12,521431,lv,XGBoost,0.012645683367577171,0.11245302738289073,0.08154432319419111,0.9895048776072389
12,521431,lv,LightGBM,0.0806087653371376,0.2839168282035033,0.20081929695987044,0.9330997911657583
13,954699,tmp,Linear Regression,0.0040486162564878445,0.06362873766222181,0.04542104539314579,0.5193781297540754
13,954699,tmp,Ridge Regression,0.0040486168286580585,0.06362874215838357,0.04542133945082372,0.5193780618302464
13,954699,tmp,Lasso Regression,0.004640036344217933,0.06811781223892861,0.04982469113495722,0.4491690976655591
13,954699,tmp,ElasticNet,0.004294392011797513,0.0655316107828696,0.04736550752340854,0.4902014442658561
13,954699,tmp,Decision Tree,0.00014947139207750724,0.01222584933971899,0.006153391134099557,0.982255858432265
13,954699,tmp,Random Forest,3.388932620775939e-05,0.005821453959945006,0.0024702006853592542,0.9959769090693033
13,954699,tmp,Extra Trees,1.5018569438955126e-32,1.2255027310844772e-16,8.250269311687643e-17,1.0
13,954699,tmp,Gradient Boosting,0.0004161990282832067,0.02040095655314247,0.01289711552314665,0.9505919201288936
13,954699,tmp,AdaBoost,0.0019161871488954881,0.04377427496710241,0.03866249422439295,0.7725243903352093
13,954699,tmp,Hist Gradient Boosting,6.553678228860193e-05,0.008095479126562055,0.004990809558637457,0.9922199564300588
13,954699,tmp,KNN,0.00016384422702211938,0.012800165116986553,0.005849966619284604,0.980549621443085
13,954699,tmp,SVR,0.0009095010629159091,0.03015793532249695,0.015689725537407523,0.8920307398487538
13,954699,tmp,Bagging,3.406248660301729e-05,0.0058363076172368855,0.002479695902808709,0.9959563527439445
13,954699,tmp,MLP Neural Network,0.00029051066905510625,0.017044373530731665,0.008849062927753145,0.9655127153965477
13,954699,tmp,XGBoost,6.826811085140564e-06,0.002612816695664004,0.0018570304456107822,0.9991895713242029
13,954699,tmp,LightGBM,6.369589799835987e-05,0.00798097099345436,0.004966488778179936,0.992438492639576
13,954699,flow,Linear Regression,0.035144981600985226,0.18746994852771798,0.1471717820891869,0.474994758138812
13,954699,flow,Ridge Regression,0.03514499245250083,0.18746997746972935,0.14716582613009752,0.47499459603593663
13,954699,flow,Lasso Regression,0.040475433718449964,0.20118507329931304,0.1582320314311179,0.39536702252262357
13,954699,flow,ElasticNet,0.03756924576243899,0.1938278766391434,0.15068036194300474,0.4387804443323775
13,954699,flow,Decision Tree,0.007818891306482058,0.08842449494615198,0.059830333378562334,0.8831992866563094
13,954699,flow,Random Forest,0.000992918018715138,0.03151060168760885,0.023589660905673406,0.9851675220524441
13,954699,flow,Extra Trees,1.2984997083461532e-31,3.603470144660773e-16,2.381713281754185e-16,1.0
13,954699,flow,Gradient Boosting,0.00996624274261629,0.0998310710280937,0.07890771488661613,0.851121570045497
13,954699,flow,AdaBoost,0.02029889782656228,0.14247420056474183,0.11582879833513095,0.6967695734217962
13,954699,flow,Hist Gradient Boosting,0.0035944207405352244,0.05995348814318667,0.04729991369016303,0.9463055706882867
13,954699,flow,KNN,0.004609928072418074,0.06789645110326514,0.05067942993897357,0.9311356474702299
13,954699,flow,SVR,0.014965258277025443,0.12233257242870944,0.09071418757989583,0.7764449237604769
13,954699,flow,Bagging,0.000991868232249978,0.03149393961145506,0.023524931494059098,0.9851832040466275
13,954699,flow,MLP Neural Network,0.00906532503492246,0.09521200047747375,0.07387369220635724,0.8645797224609636
13,954699,flow,XGBoost,0.0009124205354207749,0.03020629959827544,0.022624339061876258,0.9863700152324374
13,954699,flow,LightGBM,0.003510973724261847,0.059253470145315935,0.04655114383242892,0.9475521247897681
13,954699,lv,Linear Regression,1.0742996656036816,1.0364842814069501,0.7174867268759104,0.18979508401513734
13,954699,lv,Ridge Regression,1.0742999879602682,1.0364844369117503,0.7174964560358986,0.1897948409033693
13,954699,lv,Lasso Regression,1.1799475347309718,1.0862538997540914,0.7890107406815022,0.1101185973970793
13,954699,lv,ElasticNet,1.1223683621118454,1.0594188794390278,0.7516444819491203,0.15354310008287575
13,954699,lv,Decision Tree,0.1350926739022838,0.36754955298882325,0.2283351660154228,0.8981171157233252
13,954699,lv,Random Forest,0.029999312831237707,0.17320309706017878,0.10675969035670309,0.9773754088265694
13,954699,lv,Extra Trees,8.165875871152496e-31,9.036523596578773e-16,5.746224301636891e-17,1.0
13,954699,lv,Gradient Boosting,0.2959251821264438,0.5439900570106441,0.39144854273413915,0.7768220125174923
13,954699,lv,AdaBoost,0.9616016873478223,0.9806129141245399,0.8555549665924792,0.27478855364741483
13,954699,lv,Hist Gradient Boosting,0.08909655352216558,0.2984904580085695,0.21130634162513398,0.9328060242666061
13,954699,lv,KNN,0.1529109982880123,0.3910383591005009,0.2388568296205289,0.8846790644289335
13,954699,lv,SVR,0.6348018557093206,0.7967445360398279,0.45252540126012897,0.5212512852426578
13,954699,lv,Bagging,0.02992578094839076,0.17299069613245321,0.10677555751216178,0.9774308643897345
13,954699,lv,MLP Neural Network,0.17217814770641549,0.41494354761390795,0.2904735594793949,0.8701483523049255
13,954699,lv,XGBoost,0.016260336051651714,0.12751602272519214,0.09158830062181793,0.9877369372565046
13,954699,lv,LightGBM,0.08965113874075616,0.2994180000279812,0.21294604827145036,0.9323877725582411
14,87499,tmp,Linear Regression,0.0039048308761504644,0.06248864597789317,0.044086839249153645,0.5120896074258502
14,87499,tmp,Ridge Regression,0.003904831435922304,0.0624886504568814,0.044087144924743034,0.5120895374821044
14,87499,tmp,Lasso Regression,0.004487781045569205,0.06699090270752593,0.04847368355379645,0.439249718827995
14,87499,tmp,ElasticNet,0.004144171667427844,0.06437524110578417,0.046044019845627664,0.48218386678433045
14,87499,tmp,Decision Tree,0.00011043339242571832,0.010508729344012925,0.005627447065399176,0.9862012974285724
14,87499,tmp,Random Forest,2.1900154868018356e-05,0.004679760129324831,0.0021968899785069986,0.9972635656964423
14,87499,tmp,Extra Trees,1.4376602774910778e-32,1.1990247192994304e-16,8.020627535209966e-17,1.0
14,87499,tmp,Gradient Boosting,0.0004066500790311501,0.020165566667742073,0.012600096167745645,0.9491888878178517
14,87499,tmp,AdaBoost,0.002127571522164459,0.04612560592734213,0.0415952255743612,0.7341589714041067
14,87499,tmp,Hist Gradient Boosting,6.371913178889916e-05,0.007982426434919344,0.0048587293431788595,0.992038265525022
14,87499,tmp,KNN,0.0001733053916578148,0.013164550568014648,0.00582081679346812,0.9783454125515568
14,87499,tmp,SVR,0.0008192930090223663,0.028623294866635573,0.01487696127420536,0.8976289661847173
14,87499,tmp,Bagging,2.2237473580015807e-05,0.004715662581230321,0.0022082490833654745,0.9972214175700795
14,87499,tmp,MLP Neural Network,0.00025033510800451676,0.015821981797629423,0.00830797272373451,0.96872051448692
14,87499,tmp,XGBoost,6.5720978383445376e-06,0.0025636103132778464,0.0017959816888105877,0.9991788133883269
14,87499,tmp,LightGBM,5.8244390647546246e-05,0.007631801271491957,0.004714801164141437,0.9927223369186985
14,87499,flow,Linear Regression,0.03373759773363293,0.18367797291355578,0.14408648540778482,0.47312372910641753
14,87499,flow,Ridge Regression,0.0337376073020035,0.18367799896014628,0.14408000875776353,0.47312357967825003
14,87499,flow,Lasso Regression,0.03855031031067627,0.19634232939098045,0.15456817215917973,0.39796413785468476
14,87499,flow,ElasticNet,0.03605687193996542,0.1898864711873003,0.14779416582893634,0.43690388456799156
14,87499,flow,Decision Tree,0.008366088675823032,0.09146632536525687,0.06379558317714798,0.8693477336980502
14,87499,flow,Random Forest,0.0009130136766700056,0.03021611617448552,0.023129039782908242,0.9857415680560095
14,87499,flow,Extra Trees,1.2627295283028404e-31,3.553490577309641e-16,2.3261157990280105e-16,1.0
14,87499,flow,Gradient Boosting,0.009796329727545811,0.09897640995482616,0.07795495594067496,0.847011819986583
14,87499,flow,AdaBoost,0.0184144658432371,0.13569991099200138,0.11041776048723162,0.7124233571523687
14,87499,flow,Hist Gradient Boosting,0.0034054102195228476,0.05835589275748292,0.04593657333929658,0.9468180914512349
14,87499,flow,KNN,0.00443668984208856,0.06660848175787044,0.05055470740584759,0.9307127135261108
14,87499,flow,SVR,0.014180256468570754,0.11908088204481336,0.0887048211095429,0.7785485289301705
14,87499,flow,Bagging,0.0009229571614888398,0.03038021003036088,0.02315896542675583,0.9855862817714792
14,87499,flow,MLP Neural Network,0.007601921305212918,0.08718899761559894,0.06774082597710873,0.8812816496141866
14,87499,flow,XGBoost,0.0007659011016378351,0.027674918276985663,0.020672420922876033,0.9880390086013164
14,87499,flow,LightGBM,0.0033706996593815468,0.05805772695672426,0.04572998027959217,0.9473601623666648
14,87499,lv,Linear Regression,0.9972505603708135,0.9986243339568757,0.7033944976073542,0.1962745070580998
14,87499,lv,Ridge Regression,0.9972508520042681,0.9986244799744637,0.7034154680995784,0.1962742720186309
14,87499,lv,Lasso Regression,1.0947887981451327,1.0463215558064034,0.7752236857076398,0.11766440509265264
14,87499,lv,ElasticNet,1.0412111949778204,1.0203975671167687,0.7401469011056597,0.16084481253236538
14,87499,lv,Decision Tree,0.11188804304545899,0.33449670109802127,0.20753558619540344,0.9098247961700038
14,87499,lv,Random Forest,0.026040032154748576,0.16136924166255656,0.1019649731395646,0.9790132605470625
14,87499,lv,Extra Trees,1.1934741657838262e-30,1.092462432207088e-15,8.398327825469302e-17,1.0
14,87499,lv,Gradient Boosting,0.28947378111699734,0.538027676906121,0.3857144048190606,0.7667011013405658
14,87499,lv,AdaBoost,0.8129541410677317,0.9016396958140939,0.7769756778231368,0.34480661758077413
14,87499,lv,Hist Gradient Boosting,0.0792745440507445,0.2815573548155766,0.20295338079237132,0.9361093645600586
14,87499,lv,KNN,0.14889078885382054,0.3858636920647245,0.23631536960062213,0.8800027521453098
14,87499,lv,SVR,0.5850362914453696,0.7648766511309975,0.43762225126324067,0.5284950438573928
14,87499,lv,Bagging,0.02606145951556858,0.16143562034312187,0.10186290936839823,0.978995991350311
14,87499,lv,MLP Neural Network,0.15963502689772166,0.3995435231582683,0.28007449322718325,0.871343526107965
14,87499,lv,XGBoost,0.014354142152985366,0.11980877327218306,0.08702101188782033,0.9884314028629109
14,87499,lv,LightGBM,0.07989880804410189,0.2826637720757683,0.20199394433059717,0.9356062443756983
15,899160,tmp,Linear Regression,0.003960157266389029,0.06292978044129051,0.044652345101494725,0.5162572212479581
15,899160,tmp,Ridge Regression,0.003960157906555105,0.06292978552764267,0.044652517993450706,0.516257143050125
15,899160,tmp,Lasso Regression,0.004588503257036911,0.06773849169443405,0.04944097942866172,0.4395032402600092
15,899160,tmp,ElasticNet,0.004214098796715416,0.06491609042999598,0.0468089596135645,0.48523764973668737
15,899160,tmp,Decision Tree,8.547657326025882e-05,0.009245354144664163,0.0051200241749308,0.9895588300449434
15,899160,tmp,Random Forest,2.731606574860175e-05,0.005226477374733555,0.0023314259532192833,0.9966632765668292
15,899160,tmp,Extra Trees,1.4721473029649109e-32,1.2133207749663362e-16,8.090124388617685e-17,1.0
15,899160,tmp,Gradient Boosting,0.0004265583192861496,0.02065328834074975,0.01308480648295103,0.9478948706349147
15,899160,tmp,AdaBoost,0.001858003546554017,0.04310456526348476,0.037515153581054464,0.773040377418967
15,899160,tmp,Hist Gradient Boosting,6.201446660004302e-05,0.007874926450452919,0.004931441254894431,0.9924247830634049
15,899160,tmp,KNN,0.00016613570369036857,0.012889363975401136,0.005853523587744946,0.9797061223716539
15,899160,tmp,SVR,0.0008765985859307905,0.029607407619222433,0.015264827375134878,0.892921364662134
15,899160,tmp,Bagging,2.7285690451774158e-05,0.005223570661125793,0.002341789395561429,0.9966669869827305
15,899160,tmp,MLP Neural Network,0.0003640651087480974,0.019080490264877823,0.010181017688696621,0.9555285673002946
15,899160,tmp,XGBoost,6.9091769346855514e-06,0.002628531326555868,0.0018355100402755256,0.9991560273432469
15,899160,tmp,LightGBM,5.899622381583184e-05,0.007680899935283094,0.0047554676483411475,0.992793468712274
15,899160,flow,Linear Regression,0.03560246731846501,0.18868616090870313,0.1481991282087638,0.4620988480945937
15,899160,flow,Ridge Regression,0.03560247701517904,0.18868618660405176,0.14819219788228347,0.4620987015914426
15,899160,flow,Lasso Regression,0.040695148477253085,0.2017303856072582,0.15819934743213176,0.3851558925096499
15,899160,flow,ElasticNet,0.03796694615119781,0.19485108711833715,0.1513054383407487,0.42637503501146823
15,899160,flow,Decision Tree,0.008084439483373555,0.08991351112804769,0.061357567971107536,0.8778559566752051
15,899160,flow,Random Forest,0.000993764071539673,0.03152402372064316,0.023528262508295497,0.9849856799524072
15,899160,flow,Extra Trees,1.362602324672433e-31,3.691344368482075e-16,2.464591516873948e-16,1.0
15,899160,flow,Gradient Boosting,0.009838890796107816,0.09919118305629697,0.07817482723569523,0.8513487662144964
15,899160,flow,AdaBoost,0.021208873312951317,0.14563266567961777,0.1178902470248218,0.6795649783593647
15,899160,flow,Hist Gradient Boosting,0.0035573349100900564,0.05964339787512157,0.046605551648065,0.946253878172698
15,899160,flow,KNN,0.004671549356138249,0.06834873339088479,0.051533805146251936,0.9294197293302069
15,899160,flow,SVR,0.014771918741930299,0.12153978254847381,0.09012816720806367,0.7768179369125827
15,899160,flow,Bagging,0.0009859238898315883,0.03139942499205341,0.023493287273604984,0.9851041336183906
15,899160,flow,MLP Neural Network,0.006604333837186985,0.08126705259320646,0.06324429690757613,0.9002181858124125
15,899160,flow,XGBoost,0.0008284095071673843,0.0287821039392082,0.021354360219427652,0.9874839453072507
15,899160,flow,LightGBM,0.0035246052823090916,0.05936838621951157,0.04637856451165038,0.9467483749256151
15,899160,lv,Linear Regression,1.0218997313427842,1.010890563484883,0.6999139037394185,0.191975351997
15,899160,lv,Ridge Regression,1.0219000189702967,1.0108907057492895,0.6999377512991123,0.19197512456752497
15,899160,lv,Lasso Regression,1.1240946459888235,1.0602332979060898,0.7800284252564069,0.11116897990210084
15,899160,lv,ElasticNet,1.0673615103424183,1.0331318939721192,0.7414088257164736,0.15602834384435038
15,899160,lv,Decision Tree,0.13099740913493438,0.36193564225554575,0.2271168237372584,0.896419255080463
15,899160,lv,Random Forest,0.027859065863279887,0.16691035277441565,0.1045811055857854,0.9779716040650195
15,899160,lv,Extra Trees,1.0050308764495378e-30,1.0025122824432316e-15,7.072276063553096e-17,1.0
15,899160,lv,Gradient Boosting,0.2833613114259079,0.5323169276154084,0.38340051024495714,0.775943845663088
15,899160,lv,AdaBoost,0.8894870553862755,0.9431262139216975,0.8147305674558284,0.296675160206465
15,899160,lv,Hist Gradient Boosting,0.08461382794911432,0.29088456120790307,0.20840936683116618,0.9330951399165839
15,899160,lv,KNN,0.15277847832743408,0.3908688761303899,0.23718235307744923,0.8791967818498727
15,899160,lv,SVR,0.5874995473487283,0.7664851905606059,0.4348723812960128,0.5354592036886046
15,899160,lv,Bagging,0.02753949829134346,0.16595028861482422,0.10384015011906682,0.9782242888117781
15,899160,lv,MLP Neural Network,0.18820790457061765,0.433829349595688,0.3027064882945432,0.8511824387680134
15,899160,lv,XGBoost,0.016893932352117332,0.12997666079768833,0.09372358120929865,0.9866418266650594
15,899160,lv,LightGBM,0.0817491555674839,0.2859180924101934,0.20235418240926503,0.9353602602819344
16,912757,tmp,Linear Regression,0.003969630041245627,0.06300500012892331,0.04428043076244985,0.504583099303833
16,912757,tmp,Ridge Regression,0.003969630534210928,0.06300500404103572,0.04428068024042007,0.5045830377808853
16,912757,tmp,Lasso Regression,0.0045416418657360435,0.06739170472495887,0.04872710983460779,0.433195004618395
16,912757,tmp,ElasticNet,0.0041979242484692595,0.06479139023411412,0.046176012287371095,0.47609157555616144
16,912757,tmp,Decision Tree,0.00013095527561262466,0.011443569181537055,0.006088538105935878,0.9836565483181751
16,912757,tmp,Random Forest,2.7310953461309523e-05,0.005225988276040191,0.0023276442587122836,0.9965915443559538
16,912757,tmp,Extra Trees,1.4344029698479657e-32,1.1976656335755676e-16,7.950914853064957e-17,1.0
16,912757,tmp,Gradient Boosting,0.0004042696814642289,0.020106458700234333,0.012637186854613368,0.9495464235821863
16,912757,tmp,AdaBoost,0.0019859770682368817,0.0445643026225799,0.03965110689108993,0.7521465240395946
16,912757,tmp,Hist Gradient Boosting,6.631034614604182e-05,0.008143116488546742,0.005016577171705684,0.9917243506748922
16,912757,tmp,KNN,0.0001514851206229375,0.012307929176873643,0.005614304544136858,0.9810943870887647
16,912757,tmp,SVR,0.0009038351250855696,0.03006385080267612,0.015416070682936258,0.8871997662861
16,912757,tmp,Bagging,2.726500983411863e-05,0.0052215907378995756,0.0023292921251695147,0.9965972782024717
16,912757,tmp,MLP Neural Network,0.0003524318929464328,0.018773169496556323,0.010303843025470171,0.9560158719336935
16,912757,tmp,XGBoost,7.4055214592403216e-06,0.00272130877690135,0.0018950388736243954,0.9990757777295981
16,912757,tmp,LightGBM,6.972293264791786e-05,0.00835002590702076,0.005038887108981005,0.9912984538002337
16,912757,flow,Linear Regression,0.034390308897933285,0.1854462426093699,0.14562154085155957,0.47765823681930375
16,912757,flow,Ridge Regression,0.03439032000019822,0.18544627254328466,0.1456151935543805,0.4776580681910818
16,912757,flow,Lasso Regression,0.03979193732911644,0.1994791651504398,0.15646654889657874,0.39561488771287145
16,912757,flow,ElasticNet,0.03681485273582637,0.19187196964597608,0.14912492476146927,0.4408327315017265
16,912757,flow,Decision Tree,0.007543769098978793,0.08685487377792217,0.05715910052930537,0.8854204635415346
16,912757,flow,Random Forest,0.000977983626950542,0.03127272976493325,0.023439914127181962,0.9851457661058143
16,912757,flow,Extra Trees,1.324110083768375e-31,3.6388323453662647e-16,2.3982889287781373e-16,1.0
16,912757,flow,Gradient Boosting,0.010199270832894507,0.10099143940401338,0.07930991199480729,0.8450870236198511
16,912757,flow,AdaBoost,0.01914669455150428,0.13837158144468928,0.11202024487612573,0.7091878929963319
16,912757,flow,Hist Gradient Boosting,0.0035480898574247696,0.059565844721826695,0.04603083520919506,0.9461093671024812
16,912757,flow,KNN,0.004671838972543106,0.06835085202499751,0.05101308938015552,0.9290411547783128
16,912757,flow,SVR,0.014789427345848363,0.12161178950187504,0.08905229486660632,0.7753688232580113
16,912757,flow,Bagging,0.0009852546270480611,0.03138876593700461,0.02354865996236082,0.9850353295574745
16,912757,flow,MLP Neural Network,0.008872332869087469,0.09419306168231006,0.07267252886773624,0.8652413966934824
16,912757,flow,XGBoost,0.0008347008737487196,0.02889119024458355,0.021610181521577006,0.9873220351868205
16,912757,flow,LightGBM,0.003504242303483996,0.05919664098142728,0.04607317679211202,0.9467753514850163
16,912757,lv,Linear Regression,0.9870007439742919,0.9934791109904083,0.6923327185199496,0.21010404232892577
16,912757,lv,Ridge Regression,0.9870010671935845,0.9934792736607968,0.6923521838698,0.21010378365676763
16,912757,lv,Lasso Regression,1.0877162319308804,1.042936350853148,0.7675656744841919,0.12950151259683962
16,912757,lv,ElasticNet,1.0350312624365319,1.01736486200209,0.732068682610447,0.17166525430390123
16,912757,lv,Decision Tree,0.11414307694276876,0.3378506725504165,0.2074527892683244,0.9086513808386959
16,912757,lv,Random Forest,0.028287483953355855,0.1681888342112991,0.10404610712606514,0.9773615477355474
16,912757,lv,Extra Trees,9.422164466714419e-31,9.706783435677557e-16,6.630258809581029e-17,1.0
16,912757,lv,Gradient Boosting,0.2965491407059414,0.5445632568452827,0.3879593671571766,0.762671944348043
16,912757,lv,AdaBoost,0.7763613707523697,0.881113710455336,0.7663435401587317,0.3786785752764904
16,912757,lv,Hist Gradient Boosting,0.08132166870509665,0.28516954378947384,0.20284020993904736,0.9349183293190149
16,912757,lv,KNN,0.14984402108665637,0.38709691433368,0.23505220292877146,0.8800799419249354
16,912757,lv,SVR,0.56982790789343,0.7548694641416024,0.432183580922662,0.5439671512295139
16,912757,lv,Bagging,0.028430120030856196,0.1686123365322247,0.10423471419200615,0.977247396189337
16,912757,lv,MLP Neural Network,0.13494782442262543,0.36735245258828125,0.25593105172123903,0.8920013569810297
16,912757,lv,XGBoost,0.013957309728515515,0.1181410586058696,0.08572747286926742,0.9888299754566298
16,912757,lv,LightGBM,0.07936702596599031,0.2817215397622097,0.20230393803171648,0.9364826284421283
17,175204,tmp,Linear Regression,0.004018991163940227,0.06339551375247485,0.044669040157497314,0.5088087560101282
17,175204,tmp,Ridge Regression,0.004018991684690441,0.06339551785962823,0.04466949603902371,0.508808692365314
17,175204,tmp,Lasso Regression,0.004563869064951982,0.06755641394384387,0.04877023182563147,0.44221511519252543
17,175204,tmp,ElasticNet,0.004251228447559048,0.06520144513397727,0.046634407136760654,0.48042528473876556
17,175204,tmp,Decision Tree,0.0001254945635880785,0.011202435609637688,0.006231468354478944,0.9846623621977908
17,175204,tmp,Random Forest,2.6119835021036147e-05,0.005110756795332385,0.0023128493612846034,0.9968076978193168
17,175204,tmp,Extra Trees,1.4535214936971473e-32,1.2056207918318046e-16,8.038972977879705e-17,1.0
17,175204,tmp,Gradient Boosting,0.0004378205764659718,0.020924162503335033,0.013052164801511912,0.9464906428438513
17,175204,tmp,AdaBoost,0.0020598861015853607,0.0453859681133427,0.04112686479556385,0.748245772274057
17,175204,tmp,Hist Gradient Boosting,6.111145572664154e-05,0.00781738164135803,0.004789342276351249,0.9925311077491965
17,175204,tmp,KNN,0.0001558348928580067,0.012483384671554694,0.005704117812628305,0.9809542415602357
17,175204,tmp,SVR,0.0008406343863794018,0.028993695631626574,0.015238295104810838,0.8972597268460921
17,175204,tmp,Bagging,2.610888642488294e-05,0.005109685550489671,0.0023074924493934673,0.9968090359298886
17,175204,tmp,MLP Neural Network,0.00033025322562581217,0.018172870593987405,0.009878790397319068,0.959637260668229
17,175204,tmp,XGBoost,6.8826732243508585e-06,0.0026234849388458207,0.0018288819476564653,0.9991588165574044
17,175204,tmp,LightGBM,6.0050741720554716e-05,0.007749241364195253,0.004853796481773112,0.9926607456137536
17,175204,flow,Linear Regression,0.03432770974383637,0.18527738594830284,0.1458987987797938,0.4733580912231917
17,175204,flow,Ridge Regression,0.03432771978843138,0.1852774130552113,0.14589258621825008,0.4733579371230572
17,175204,flow,Lasso Regression,0.03945360223517921,0.19862930860066752,0.15640477188614316,0.394718711376122
17,175204,flow,ElasticNet,0.03665700537739411,0.19146019267041936,0.14922960165527194,0.437622974965324
17,175204,flow,Decision Tree,0.008160444194726519,0.09033517695076775,0.06018650491973257,0.8748057490800403
17,175204,flow,Random Forest,0.000893055330395553,0.02988403136117269,0.02298685590449767,0.9862991045032573
17,175204,flow,Extra Trees,1.2835092041693736e-31,3.5826096691788425e-16,2.368936220506555e-16,1.0
17,175204,flow,Gradient Boosting,0.009757665632156083,0.09878089710139346,0.07788863002805804,0.8503018205388075
17,175204,flow,AdaBoost,0.01896437411714661,0.1377111982271108,0.11101078205836341,0.7090562039139573
17,175204,flow,Hist Gradient Boosting,0.0033855228941091957,0.058185246361162686,0.046119882947425035,0.9480606701563775
17,175204,flow,KNN,0.004420143638878824,0.06648416081202216,0.05059779040559875,0.932187935040881
17,175204,flow,SVR,0.014425906990506188,0.12010789728617427,0.08935907784101234,0.7786835402067278
17,175204,flow,Bagging,0.0008956173028542828,0.029926865904305495,0.023001789347396585,0.9862597997527812
17,175204,flow,MLP Neural Network,0.007597316488577038,0.08716258651839698,0.06776108180147687,0.883445027734653
17,175204,flow,XGBoost,0.000780014008244653,0.02792873087422078,0.020730480438846635,0.9880333389777519
17,175204,flow,LightGBM,0.003300451483698429,0.05744955599217829,0.04575176945822377,0.9493658015005711
17,175204,lv,Linear Regression,0.9683112711007665,0.9840280845081437,0.6935748124133521,0.20663585665397477
17,175204,lv,Ridge Regression,0.9683115689636931,0.9840282358569256,0.6935931400477353,0.20663561260666008
17,175204,lv,Lasso Regression,1.0673712331715137,1.0331365994734258,0.7665603083556863,0.12547329633511473
17,175204,lv,ElasticNet,1.0139240495048114,1.0069379571278518,0.7310560948398963,0.1692640486990602
17,175204,lv,Decision Tree,0.11329289523800662,0.33659009973260745,0.21311802475416589,0.9071760048031718
17,175204,lv,Random Forest,0.02686639833401698,0.16390972617272284,0.10095662628808709,0.9779876185115247
17,175204,lv,Extra Trees,1.4447318848962108e-30,1.2019700016623588e-15,1.0166396841357577e-16,1.0
17,175204,lv,Gradient Boosting,0.2947835774024664,0.5429397548554227,0.38310249594701623,0.7584756809734099
17,175204,lv,AdaBoost,0.811254276750593,0.9006965508708208,0.7771933794989139,0.33531698585066283
17,175204,lv,Hist Gradient Boosting,0.0823885497095257,0.28703405670673593,0.20331197321063832,0.9324967878484839
17,175204,lv,KNN,0.1467343371292488,0.3830591822802957,0.2314945198457232,0.8797765087009104
17,175204,lv,SVR,0.53306950319405,0.7301160888475544,0.42374519075255984,0.5632414468700033
17,175204,lv,Bagging,0.026829579812071135,0.1637973742526758,0.10154383328674958,0.9780177849425006
17,175204,lv,MLP Neural Network,0.21198470281351844,0.46041796534618246,0.3178315837729721,0.8263150836208668
17,175204,lv,XGBoost,0.013842792462006792,0.11765539707980587,0.08375229190373741,0.988658218167127
17,175204,lv,LightGBM,0.08289306365044688,0.2879115552568998,0.20336129294390654,0.9320834256554671
18,191336,tmp,Linear Regression,0.003902795490990636,0.062472357815202044,0.04423599963690893,0.5140244122887291
18,191336,tmp,Ridge Regression,0.0039027960504301237,0.06247236229269807,0.04423629029581027,0.5140243426273967
18,191336,tmp,Lasso Regression,0.004475281744376447,0.06689754662449474,0.04887642247217962,0.44273849836163914
18,191336,tmp,ElasticNet,0.004137645284567766,0.06432453097044522,0.04634759112489509,0.4847809464906925
18,191336,tmp,Decision Tree,8.569425166887097e-05,0.009257118972383955,0.005086755890409626,0.9893293629106642
18,191336,tmp,Random Forest,3.1967916354629805e-05,0.0056540177179267665,0.0023988182817636077,0.9960193592069558
18,191336,tmp,Extra Trees,1.5074130870476718e-32,1.2277675215803976e-16,8.203218646958193e-17,1.0
18,191336,tmp,Gradient Boosting,0.00040774616551875377,0.020192725559437335,0.01274333937361522,0.949227500420552
18,191336,tmp,AdaBoost,0.0016543950157850338,0.0406742549505831,0.0364381521261115,0.7939949474783643
18,191336,tmp,Hist Gradient Boosting,6.417692744053694e-05,0.008011050333167114,0.004938517065320164,0.9920086973292823
18,191336,tmp,KNN,0.0001479326525956529,0.012162756784366482,0.005644787808460342,0.9815794453096973
18,191336,tmp,SVR,0.0008814763858920636,0.02968966799902053,0.015114711057929222,0.8902386748994708
18,191336,tmp,Bagging,3.236433059955301e-05,0.005688965688027394,0.002410946970199067,0.9959699977566574
18,191336,tmp,MLP Neural Network,0.00025214399754737085,0.015879042715081122,0.008551049777544222,0.9686030621694579
18,191336,tmp,XGBoost,6.320128612495191e-06,0.0025139865975170174,0.0017754189586318505,0.9992130184059199
18,191336,tmp,LightGBM,6.43252427441476e-05,0.008020301911034746,0.004953223689585039,0.9919902291269372
18,191336,flow,Linear Regression,0.03516240895984543,0.18751642317366612,0.1465206766625107,0.4707570388777733
18,191336,flow,Ridge Regression,0.035162418925767935,0.18751644974713003,0.14651401402905684,0.470756888876835
18,191336,flow,Lasso Regression,0.0404228548939584,0.20105435805761188,0.15715886015521485,0.39158004090324183
18,191336,flow,ElasticNet,0.03755843644927735,0.19379999083920862,0.14988662043973,0.43469350623172165
18,191336,flow,Decision Tree,0.0072035947422481325,0.08487399332097043,0.05607198876951695,0.8915759208515655
18,191336,flow,Random Forest,0.0009812890942146356,0.03132553422073813,0.023524307276762052,0.9852302398697378
18,191336,flow,Extra Trees,1.2983846916900655e-31,3.6033105496058283e-16,2.388274475367833e-16,1.0
18,191336,flow,Gradient Boosting,0.010245943069751302,0.10122224592327174,0.08024507686387741,0.8457843643216425
18,191336,flow,AdaBoost,0.020543748360741652,0.14333090511380178,0.1160274927359731,0.6907881303751096
18,191336,flow,Hist Gradient Boosting,0.0035550780518443883,0.059624475275212176,0.04666332418696288,0.9464911508956231
18,191336,flow,KNN,0.004785331685773429,0.06917609186542291,0.05177907297816486,0.9279741295818806
18,191336,flow,SVR,0.01485652521899009,0.12188734642689572,0.09024196221615798,0.7763887164879867
18,191336,flow,Bagging,0.0009780118465228635,0.0312731809466652,0.023468054106827375,0.9852795669870779
18,191336,flow,MLP Neural Network,0.009045466175652815,0.09510765571526203,0.07363165211457848,0.8638532044547814
18,191336,flow,XGBoost,0.0008654669795403084,0.02941882015887633,0.021943834445982857,0.9869735231300991
18,191336,flow,LightGBM,0.003530690306511148,0.05941961213699689,0.04658429238229948,0.946858220244313
18,191336,lv,Linear Regression,1.0008683215428698,1.0004340665645437,0.6956310504625114,0.20066435144221373
18,191336,lv,Ridge Regression,1.0008686638070001,1.0004342376223436,0.6956483647087373,0.20066407809564568
18,191336,lv,Lasso Regression,1.106807466017564,1.052049174714549,0.7739302270242017,0.11605688317326257
18,191336,lv,ElasticNet,1.0498322451128834,1.0246132173229483,0.7362862300900405,0.16155969725310182
18,191336,lv,Decision Tree,0.11360686468961248,0.3370561743828653,0.20762606705636805,0.9092687670169223
18,191336,lv,Random Forest,0.026668688566918352,0.16330550684811077,0.10207547274398128,0.9787012606823622
18,191336,lv,Extra Trees,1.4447318848962108e-30,1.2019700016623588e-15,1.0166396841357577e-16,1.0
18,191336,lv,Gradient Boosting,0.2864011885455794,0.5351646368600782,0.3805603690057045,0.771267933187357
18,191336,lv,AdaBoost,0.8260878814805797,0.9088937679842346,0.792636773927654,0.3402513814293766
18,191336,lv,Hist Gradient Boosting,0.08007116918113519,0.2829684950328131,0.19952676998020244,0.936051787662218
18,191336,lv,KNN,0.14572621244648082,0.3817410279842616,0.23167611369828922,0.8836169014139507
18,191336,lv,SVR,0.5660795904453406,0.7523826090795431,0.42604364134707934,0.5479049672923721
18,191336,lv,Bagging,0.02650731619006527,0.162810675909368,0.10186958958631409,0.9788301394676476
18,191336,lv,MLP Neural Network,0.18031120833060424,0.4246306728565475,0.2951991813132873,0.8559958652392934
18,191336,lv,XGBoost,0.015304368658910661,0.12371082676512457,0.08888791318547441,0.9877772857983158
18,191336,lv,LightGBM,0.08268307364253494,0.28754664602901375,0.20189000092852308,0.9339658106144025
19,278168,tmp,Linear Regression,0.003816119242000376,0.061774745988958754,0.043822825949614855,0.5192945792861459
19,278168,tmp,Ridge Regression,0.0038161197708393903,0.06177475026934055,0.043823138131727786,0.5192945126698363
19,278168,tmp,Lasso Regression,0.004367962184891614,0.06609056048250471,0.04795281326001907,0.44978053184473266
19,278168,tmp,ElasticNet,0.004049944299702538,0.06363917268241738,0.04565635418161098,0.48984031813542794
19,278168,tmp,Decision Tree,0.0001391778086899724,0.011797364480678403,0.006030764215769849,0.9824681770045333
19,278168,tmp,Random Forest,2.9310490848627063e-05,0.005413916405766445,0.002377466564646967,0.996307842878795
19,278168,tmp,Extra Trees,1.4323752022393338e-32,1.196818784210598e-16,7.995375572946913e-17,1.0
19,278168,tmp,Gradient Boosting,0.00040666160071214995,0.02016585234281333,0.012746741861485266,0.9487740231733346
19,278168,tmp,AdaBoost,0.0019035890681734116,0.04363013944710023,0.037155719598549485,0.7602104321554365
19,278168,tmp,Hist Gradient Boosting,6.196524775117203e-05,0.007871800794683007,0.004854803399569848,0.9921944183079952
19,278168,tmp,KNN,0.00015939890965681357,0.012625328100956963,0.0056562847302643856,0.9799209838401846
19,278168,tmp,SVR,0.0008714421562385268,0.029520199122609704,0.015105811303710005,0.8902269709678039
19,278168,tmp,Bagging,2.9639599543524902e-05,0.0054442262575617574,0.002382728601458787,0.9962663860155241
19,278168,tmp,MLP Neural Network,0.0002733254807830767,0.01653255820443638,0.008508048189787855,0.965569985658317
19,278168,tmp,XGBoost,5.881696686290381e-06,0.0024252209561791234,0.0017455837149571204,0.9992590998077375
19,278168,tmp,LightGBM,6.020344678083266e-05,0.0077590880121849795,0.00481544072363391,0.9924163472423272
19,278168,flow,Linear Regression,0.03474166975675214,0.18639117403126185,0.14574072101990743,0.4635891953206658
19,278168,flow,Ridge Regression,0.034741680456022,0.18639120273237683,0.14573385406446102,0.4635890301241167
19,278168,flow,Lasso Regression,0.040074473066688515,0.20018609608733698,0.15646809737652495,0.38125080068654993
19,278168,flow,ElasticNet,0.03712457275517463,0.19267737997796897,0.14898768640962318,0.42679721255742564
19,278168,flow,Decision Tree,0.0079396914178334,0.08910494609073842,0.06070262086984829,0.8774112962282741
19,278168,flow,Random Forest,0.0010341017089596312,0.03215745184183024,0.024088128968538104,0.984033486769429
19,278168,flow,Extra Trees,1.252032979286673e-31,3.5384078047713394e-16,2.3195546054143627e-16,1.0
19,278168,flow,Gradient Boosting,0.010215964350984548,0.10107405379712713,0.08013685195830653,0.8422656799038288
19,278168,flow,AdaBoost,0.020499912950352684,0.1431779066418862,0.11654164200987396,0.6834816841404748
19,278168,flow,Hist Gradient Boosting,0.0037148045606163922,0.060949196554313925,0.04772556258549698,0.9426434792127566
19,278168,flow,KNN,0.004858117620846813,0.06970019814065677,0.052149198330451015,0.9249907445303829
19,278168,flow,SVR,0.014993583074468266,0.12244828734804038,0.09121941435795945,0.7684993260740197
19,278168,flow,Bagging,0.001036573540528337,0.03219586216469963,0.024068838493536547,0.9839953217310159
19,278168,flow,MLP Neural Network,0.009971271415574738,0.09985625376297039,0.07762178384536042,0.846043734767096
19,278168,flow,XGBoost,0.0007960798356386866,0.028214886773451468,0.0210326932826854,0.9877085405447174
19,278168,flow,LightGBM,0.003648967105697698,0.06040668096905919,0.04735469149873415,0.9436600084244567
19,278168,lv,Linear Regression,0.9545843364743551,0.9770283191772668,0.6874006305318474,0.2088857991869063
19,278168,lv,Ridge Regression,0.9545846407661513,0.9770284749003743,0.6874197984852901,0.20888554700430506
19,278168,lv,Lasso Regression,1.050060967134877,1.0247248250798247,0.7604348269486227,0.1297592982846416
19,278168,lv,ElasticNet,0.9974792753522231,0.9987388424168868,0.7246951136433595,0.17333650930998967
19,278168,lv,Decision Tree,0.13195327648176203,0.3632537356748889,0.2240665628022575,0.8906433859431521
19,278168,lv,Random Forest,0.02672195918411896,0.1634685265857589,0.10308845804634534,0.977854108247593
19,278168,lv,Extra Trees,1.067845306227634e-30,1.0333660078731223e-15,7.514293317525165e-17,1.0
19,278168,lv,Gradient Boosting,0.27893277296876845,0.5281408647025606,0.37694432665481065,0.7688337537752008
19,278168,lv,AdaBoost,0.8623401440967232,0.9286227135369473,0.7948374170486076,0.2853334086270598
19,278168,lv,Hist Gradient Boosting,0.0817917055216491,0.28599249207216804,0.20417006012278396,0.9322149156711649
19,278168,lv,KNN,0.15083535497127465,0.38837527595262117,0.23630564173312582,0.8749948152897804
19,278168,lv,SVR,0.5530487270075232,0.7436724594924322,0.42802222623235736,0.5416594585102859
19,278168,lv,Bagging,0.026725182807694946,0.16347838636252485,0.10305242350171069,0.9778514366613417
19,278168,lv,MLP Neural Network,0.185911899288848,0.43117502164300753,0.29716790383922553,0.8459250398233488
19,278168,lv,XGBoost,0.014411034742267048,0.12004596928788175,0.08715624293736814,0.9880568182428744
19,278168,lv,LightGBM,0.08071418519545848,0.28410242025624927,0.20128551096636116,0.9331079133866549
20,41091,tmp,Linear Regression,0.003895254721127809,0.06241197578292013,0.044270794243626566,0.5185980844511375
20,41091,tmp,Ridge Regression,0.0038952553231301023,0.06241198060573068,0.04427086301787954,0.5185980100516238
20,41091,tmp,Lasso Regression,0.00446527055292195,0.06682267992921229,0.048670259111502134,0.4481516738915149
20,41091,tmp,ElasticNet,0.004142558302224415,0.06436270894100414,0.04624189825793071,0.4880346357975075
20,41091,tmp,Decision Tree,0.00011789111230680067,0.010857767372107429,0.005855174210424029,0.9854302192401302
20,41091,tmp,Random Forest,2.8427786230399986e-05,0.005331771397049951,0.0023593651474867828,0.9964867019679355
20,41091,tmp,Extra Trees,1.319816128607763e-32,1.1488325067683988e-16,7.873432336377471e-17,1.0
20,41091,tmp,Gradient Boosting,0.00041159938532642313,0.020287912295907214,0.01290905570640503,0.9491317650011076
20,41091,tmp,AdaBoost,0.0017649332717863354,0.04201110890926751,0.03731062381759847,0.7818776129721594
20,41091,tmp,Hist Gradient Boosting,6.199096649014712e-05,0.007873434224666331,0.004870309841132163,0.9923387372196184
20,41091,tmp,KNN,0.00017350006816664558,0.013171942459889717,0.005932393789113531,0.9785576884843366
20,41091,tmp,SVR,0.0009053418269505517,0.03008889873276441,0.015541081516429528,0.8881117357084382
20,41091,tmp,Bagging,2.8676538339639225e-05,0.005355047930657505,0.002347812912889583,0.99645595950038
20,41091,tmp,MLP Neural Network,0.0003355861912412482,0.018319011743029377,0.009551185467542085,0.9585259894766243
20,41091,tmp,XGBoost,6.793748449310301e-06,0.0026064820063277437,0.0018370650432137942,0.9991603826318428
20,41091,tmp,LightGBM,6.042246645686144e-05,0.007773188950286841,0.004894448797290819,0.9925325830588819
20,41091,flow,Linear Regression,0.03468388850503513,0.18623610956266007,0.14617658217684484,0.4817762353084035
20,41091,flow,Ridge Regression,0.03468389865167133,0.18623613680398154,0.14616930150400798,0.4817760837040639
20,41091,flow,Lasso Regression,0.039840750576699155,0.1996014793950665,0.15622627658136048,0.40472580665231206
20,41091,flow,ElasticNet,0.03706880431765454,0.19253260585587714,0.14913837655593226,0.4461423976921648
20,41091,flow,Decision Tree,0.007827502977144,0.08847317659688726,0.06106883716192401,0.8830466180180065
20,41091,flow,Random Forest,0.0009712758552879444,0.031165298896175284,0.0236775031106563,0.9854878373799323
20,41091,flow,Extra Trees,1.2884165814957876e-31,3.589452021542825e-16,2.3931090390831524e-16,1.0
20,41091,flow,Gradient Boosting,0.010160080796375539,0.10079722613433138,0.07910439267774334,0.8481947801468637
20,41091,flow,AdaBoost,0.01918573554827493,0.13851258263520658,0.11285586997145212,0.713339405333371
20,41091,flow,Hist Gradient Boosting,0.0035760676298411277,0.059800231018292294,0.04662589174182849,0.9465687582965505
20,41091,flow,KNN,0.004806974832611421,0.06933235054872595,0.05179547393729394,0.9281773554838867
20,41091,flow,SVR,0.014738130843222376,0.1214007036356148,0.0903184546604142,0.7797925786497883
20,41091,flow,Bagging,0.0009707522536645998,0.031156897369035316,0.023648206571247287,0.9854956606897208
20,41091,flow,MLP Neural Network,0.0084043833520816,0.09167542392638062,0.07011221267618735,0.8744272522962692
20,41091,flow,XGBoost,0.0008693992107736525,0.029485576317475167,0.022157035346574854,0.987010010946102
20,41091,flow,LightGBM,0.0035278767092639506,0.05939593175684637,0.046272872689535116,0.9472887952174924
20,41091,lv,Linear Regression,1.0132223015352069,1.0065894404051767,0.7031898854773181,0.19082516438711372
20,41091,lv,Ridge Regression,1.013222599136452,1.0065895882316944,0.7032199575395873,0.19082492671820517
20,41091,lv,Lasso Regression,1.1120784356597,1.0545512958883034,0.7818486586306118,0.11187714285392147
20,41091,lv,ElasticNet,1.0578384008578212,1.0285127130268352,0.7454382192208852,0.15519406469619357
20,41091,lv,Decision Tree,0.14771941224117094,0.3843428316505603,0.23095878768808822,0.8820290167952562
20,41091,lv,Random Forest,0.028102125366537535,0.16763688545942845,0.10620656529188172,0.9775572126280813
20,41091,lv,Extra Trees,8.794020168933457e-31,9.377643717338304e-16,6.18824155560896e-17,1.0
20,41091,lv,Gradient Boosting,0.3002220125217512,0.5479251888002149,0.38990883016832883,0.760238106423858
20,41091,lv,AdaBoost,0.8686674590575996,0.9320233146534477,0.8096001217362945,0.30626887375043377
20,41091,lv,Hist Gradient Boosting,0.08631204518477696,0.29378911685897585,0.2089053483952692,0.9310698798595511
20,41091,lv,KNN,0.14557649886136848,0.38154488446494533,0.2351096761909799,0.8837403802139325
20,41091,lv,SVR,0.6234803453780952,0.7896077161338376,0.4444837557010661,0.5020790548976528
20,41091,lv,Bagging,0.027866697647799473,0.16693321313567133,0.10610334809931571,0.9777452288070777
20,41091,lv,MLP Neural Network,0.179325113969029,0.4234679609711094,0.2944303352653388,0.8567882197250382
20,41091,lv,XGBoost,0.01667457791481259,0.12913008137073478,0.0917227706113259,0.9866834269017875
20,41091,lv,LightGBM,0.08632488104596686,0.2938109614122095,0.20931838536130226,0.9310596289443743
